/*
 Navicat Premium Data Transfer

 Source Server         : MySQL8
 Source Server Type    : MySQL
 Source Server Version : 80027
 Source Host           : localhost:3306
 Source Schema         : activityspace

 Target Server Type    : MySQL
 Target Server Version : 80027
 File Encoding         : 65001

 Date: 03/04/2023 17:27:44
*/

SET NAMES utf8mb4;
SET FOREIGN_KEY_CHECKS = 0;

-- ----------------------------
-- Table structure for acl_permission
-- ----------------------------
DROP TABLE IF EXISTS `acl_permission`;
CREATE TABLE `acl_permission`  (
  `id` varchar(19) CHARACTER SET utf8mb4 COLLATE utf8mb4_0900_ai_ci NOT NULL DEFAULT '' COMMENT '编号',
  `pid` varchar(19) CHARACTER SET utf8mb4 COLLATE utf8mb4_0900_ai_ci NOT NULL DEFAULT '' COMMENT '所属上级',
  `name` varchar(20) CHARACTER SET utf8mb4 COLLATE utf8mb4_0900_ai_ci NOT NULL DEFAULT '' COMMENT '名称',
  `type` tinyint(0) NOT NULL DEFAULT 0 COMMENT '类型(1:菜单,2:按钮)',
  `permission_value` varchar(50) CHARACTER SET utf8mb4 COLLATE utf8mb4_0900_ai_ci NULL DEFAULT NULL COMMENT '权限值',
  `path` varchar(100) CHARACTER SET utf8mb4 COLLATE utf8mb4_0900_ai_ci NULL DEFAULT NULL COMMENT '访问路径',
  `component` varchar(100) CHARACTER SET utf8mb4 COLLATE utf8mb4_0900_ai_ci NULL DEFAULT NULL COMMENT '组件路径',
  `icon` varchar(50) CHARACTER SET utf8mb4 COLLATE utf8mb4_0900_ai_ci NULL DEFAULT NULL COMMENT '图标',
  `status` tinyint(0) NULL DEFAULT NULL COMMENT '状态(0:禁止,1:正常)',
  `is_deleted` tinyint unsigned NOT NULL COMMENT '逻辑删除 1（true）已删除， 0（false）未删除',
  `create_time` datetime(0) NULL DEFAULT NULL COMMENT '创建时间',
  `update_time` datetime(0) NULL DEFAULT NULL COMMENT '更新时间',
  PRIMARY KEY (`id`) USING BTREE,
  INDEX `idx_pid`(`pid`) USING BTREE
) ENGINE = InnoDB CHARACTER SET = utf8mb4 COLLATE = utf8mb4_0900_ai_ci COMMENT = '权限' ROW_FORMAT = Dynamic;

-- ----------------------------
-- Records of acl_permission
-- ----------------------------
INSERT INTO `acl_permission` VALUES ('1', '0', '全部数据', 0, '', '', '', '', NULL, 0, '2019-11-15 17:13:06', '2019-11-15 17:13:06');
INSERT INTO `acl_permission` VALUES ('1195268474480156673', '1', '权限管理', 1, NULL, '/acl', 'Layout', NULL, NULL, 0, '2019-11-15 17:13:06', '2019-11-18 13:54:25');
INSERT INTO `acl_permission` VALUES ('1195268616021139457', '1195268474480156673', '管理员管理', 1, NULL, 'user/list', '/acl/user/list', NULL, NULL, 0, '2019-11-15 17:13:40', '2023-03-10 21:01:25');
INSERT INTO `acl_permission` VALUES ('1195268788138598401', '1195268474480156673', '角色管理', 1, NULL, 'role/list', '/acl/role/list', NULL, NULL, 0, '2019-11-15 17:14:21', '2019-11-15 17:14:21');
INSERT INTO `acl_permission` VALUES ('1195268893830864898', '1195268474480156673', '菜单管理', 1, NULL, 'menu/list', '/acl/menu/list', NULL, NULL, 0, '2019-11-15 17:14:46', '2019-11-15 17:14:46');
INSERT INTO `acl_permission` VALUES ('1195269143060602882', '1195268616021139457', '查看', 2, 'user.list', '', '', NULL, NULL, 0, '2019-11-15 17:15:45', '2019-11-17 21:57:16');
INSERT INTO `acl_permission` VALUES ('1195269295926206466', '1195268616021139457', '添加', 2, 'user.add', 'user/add', '/acl/user/form', NULL, NULL, 0, '2019-11-15 17:16:22', '2019-11-15 17:16:22');
INSERT INTO `acl_permission` VALUES ('1195269473479483394', '1195268616021139457', '修改', 2, 'user.update', 'user/update/:id', '/acl/user/form', NULL, NULL, 0, '2019-11-15 17:17:04', '2019-11-15 17:17:04');
INSERT INTO `acl_permission` VALUES ('1195269547269873666', '1195268616021139457', '删除', 2, 'user.remove', '', '', NULL, NULL, 0, '2019-11-15 17:17:22', '2019-11-15 17:17:22');
INSERT INTO `acl_permission` VALUES ('1195269547269873667', '1195268616021139457', '分配角色', 2, 'user.assgin', 'user/role/:id', '/acl/user/roleForm', NULL, NULL, 0, '2019-11-18 13:38:56', '2019-11-18 13:38:56');
INSERT INTO `acl_permission` VALUES ('1195269821262782465', '1195268788138598401', '修改', 2, 'role.update', 'role/update/:id', '/acl/role/form', NULL, NULL, 0, '2019-11-15 17:18:27', '2019-11-15 17:19:53');
INSERT INTO `acl_permission` VALUES ('1195269903542444034', '1195268788138598401', '查看', 2, 'role.list', '', '', NULL, NULL, 0, '2019-11-15 17:18:47', '2019-11-15 17:18:47');
INSERT INTO `acl_permission` VALUES ('1195270037005197313', '1195268788138598401', '添加', 2, 'role.add', 'role/add', '/acl/role/form', NULL, NULL, 0, '2019-11-15 17:19:19', '2019-11-18 11:05:42');
INSERT INTO `acl_permission` VALUES ('1195270442602782721', '1195268788138598401', '删除', 2, 'role.remove', '', '', NULL, NULL, 0, '2019-11-15 17:20:55', '2019-11-15 17:20:55');
INSERT INTO `acl_permission` VALUES ('1195270621548568578', '1195268788138598401', '角色权限', 2, 'role.acl', 'role/distribution/:id', '/acl/role/roleForm', NULL, NULL, 0, '2019-11-15 17:21:38', '2019-11-15 17:21:38');
INSERT INTO `acl_permission` VALUES ('1195270744097742849', '1195268893830864898', '查看', 2, 'permission.list', '', '', NULL, NULL, 0, '2019-11-15 17:22:07', '2019-11-15 17:22:07');
INSERT INTO `acl_permission` VALUES ('1195270810560684034', '1195268893830864898', '添加', 2, 'permission.add', '', '', NULL, NULL, 0, '2019-11-15 17:22:23', '2019-11-15 17:22:23');
INSERT INTO `acl_permission` VALUES ('1195270862100291586', '1195268893830864898', '修改', 2, 'permission.update', '', '', NULL, NULL, 0, '2019-11-15 17:22:35', '2019-11-15 17:22:35');
INSERT INTO `acl_permission` VALUES ('1195270887933009922', '1195268893830864898', '删除', 2, 'permission.remove', '', '', NULL, NULL, 0, '2019-11-15 17:22:41', '2019-11-15 17:22:41');
INSERT INTO `acl_permission` VALUES ('1610198217674285058', '1', '用户管理', 1, NULL, '/user', 'Layout', NULL, NULL, 0, '2023-01-03 17:01:04', '2023-03-10 21:01:33');
INSERT INTO `acl_permission` VALUES ('1610198667169456130', '1610198217674285058', '用户管理', 1, NULL, 'userList', '/user/userList', NULL, NULL, 0, '2023-01-03 17:01:09', '2023-03-10 21:01:58');
INSERT INTO `acl_permission` VALUES ('1610222446788526081', '1610198667169456130', '修改', 2, 'bUser.update', 'userEdit/:id', '/user/userAdd', NULL, NULL, 0, '2023-01-03 18:32:02', '2023-01-03 18:32:02');
INSERT INTO `acl_permission` VALUES ('1610223534585462785', '1610198667169456130', '删除', 2, 'bUser.remove', '', '', NULL, NULL, 0, '2023-01-03 18:36:22', '2023-01-03 18:36:22');
INSERT INTO `acl_permission` VALUES ('1610251470340407297', '1', '组织管理', 1, NULL, '/organization', 'Layout', NULL, NULL, 0, '2023-01-03 20:27:22', '2023-01-03 20:27:22');
INSERT INTO `acl_permission` VALUES ('1610251568856219650', '1610251470340407297', '组织管理', 1, NULL, 'organizationList', '/organization/organizationList', NULL, NULL, 0, '2023-01-03 20:27:46', '2023-03-10 21:02:09');
INSERT INTO `acl_permission` VALUES ('1610252308089716738', '1610251568856219650', '删除', 2, 'organization.remove', '', '', NULL, NULL, 0, '2023-01-03 20:30:42', '2023-01-03 20:30:42');
INSERT INTO `acl_permission` VALUES ('1610252509915430914', '1610251568856219650', '修改', 2, 'organization.update', 'organizationEdit/:id', '/organization/organizationAdd', NULL, NULL, 0, '2023-01-03 20:31:30', '2023-01-03 20:31:30');
INSERT INTO `acl_permission` VALUES ('1610254556630925314', '1', '场地管理', 1, NULL, '/venue', 'Layout', NULL, NULL, 0, '2023-01-03 20:39:38', '2023-01-03 20:39:38');
INSERT INTO `acl_permission` VALUES ('1610254620711501825', '1610254556630925314', '场地列表', 1, NULL, 'venueList', '/venue/venueList', NULL, NULL, 0, '2023-01-03 20:39:53', '2023-01-03 20:39:53');
INSERT INTO `acl_permission` VALUES ('1610329881847083010', '1610254620711501825', '修改', 2, 'venue.update', 'venueEdit/:id', '/venue/venueAdd', NULL, NULL, 0, '2023-01-04 01:38:57', '2023-01-04 01:38:57');
INSERT INTO `acl_permission` VALUES ('1610329965301149697', '1610254620711501825', '删除', 2, 'venue.remove', '', '', NULL, NULL, 0, '2023-01-04 01:39:17', '2023-01-04 01:39:17');
INSERT INTO `acl_permission` VALUES ('1610504038656344066', '1610254556630925314', '场地设施列表', 1, NULL, 'facilityList', '/facility/facilityList', NULL, NULL, 0, '2023-01-04 13:10:59', '2023-01-04 13:10:59');
INSERT INTO `acl_permission` VALUES ('1610507596374048769', '1610504038656344066', '删除', 2, 'facility.remove', '', '', NULL, NULL, 0, '2023-01-04 13:25:07', '2023-01-04 13:25:07');
INSERT INTO `acl_permission` VALUES ('1610507936922173442', '1610504038656344066', '修改', 2, 'facility.update', 'facilityEdit/:id', '/facility/facilityAdd', NULL, NULL, 0, '2023-01-04 13:26:29', '2023-01-04 13:26:29');
INSERT INTO `acl_permission` VALUES ('1610517197521780738', '1610254556630925314', '场地组列表', 1, NULL, 'groupList', '/group/groupList', NULL, NULL, 0, '2023-01-04 14:03:17', '2023-01-04 14:03:17');
INSERT INTO `acl_permission` VALUES ('1610517586400870402', '1610517197521780738', '修改', 2, 'group.update', 'groupEdit/:id', '/group/groupAdd', NULL, NULL, 0, '2023-01-04 14:04:49', '2023-01-04 14:05:21');
INSERT INTO `acl_permission` VALUES ('1610517663022415873', '1610517197521780738', '删除', 2, 'group.remove', '', '', NULL, NULL, 0, '2023-01-04 14:05:07', '2023-01-04 14:05:07');
INSERT INTO `acl_permission` VALUES ('1610526760883027970', '1610504038656344066', '添加', 2, 'facility.add', 'facilityAdd', '/facility/facilityAdd', NULL, NULL, 0, '2023-01-04 14:41:17', '2023-01-04 14:42:27');
INSERT INTO `acl_permission` VALUES ('1610527705469648898', '1610254620711501825', '添加', 2, 'venue.add', 'venueAdd', '/venue/venueAdd', NULL, NULL, 0, '2023-01-04 14:45:02', '2023-01-04 14:45:02');
INSERT INTO `acl_permission` VALUES ('1610528819514540034', '1610517197521780738', '添加', 2, 'group.add', 'groupAdd', '/group/groupAdd', NULL, NULL, 0, '2023-01-04 14:49:27', '2023-01-04 14:51:07');
INSERT INTO `acl_permission` VALUES ('1610531691266408450', '1610251568856219650', '添加', 2, 'organization.add', 'organizationAdd', '/organization/organizationAdd', NULL, NULL, 0, '2023-01-04 15:00:52', '2023-01-04 15:00:52');
INSERT INTO `acl_permission` VALUES ('1610532336606216193', '1610198667169456130', '添加', 2, 'bUser.add', 'userAdd', '/user/userAdd', NULL, NULL, 0, '2023-01-04 15:03:26', '2023-03-10 19:30:16');
INSERT INTO `acl_permission` VALUES ('1611805002927489026', '1', '活动管理', 1, NULL, '/activity', 'Layout', NULL, NULL, 0, '2023-01-08 03:20:33', '2023-01-08 03:20:52');
INSERT INTO `acl_permission` VALUES ('1611805357966934018', '1611805002927489026', '活动列表', 1, NULL, 'activityList', '/activity/activityList', NULL, NULL, 0, '2023-01-08 03:21:58', '2023-01-08 03:21:58');
INSERT INTO `acl_permission` VALUES ('1611806118809485314', '1611805357966934018', '添加', 2, 'activity.add', 'activityAdd', '/activity/activityAdd', NULL, NULL, 0, '2023-01-08 03:24:59', '2023-01-08 03:27:10');
INSERT INTO `acl_permission` VALUES ('1611806450960613378', '1611805357966934018', '删除', 2, 'activity.remove', '', '', NULL, NULL, 0, '2023-01-08 03:26:18', '2023-01-08 03:26:18');
INSERT INTO `acl_permission` VALUES ('1612091217178345474', '1611805002927489026', '活动审核列表', 1, NULL, 'auditList', '/activity/auditList', NULL, NULL, 0, '2023-01-08 22:17:52', '2023-01-08 22:17:52');
INSERT INTO `acl_permission` VALUES ('1612091344337059842', '1612091217178345474', '同意', 2, 'audit.agree', '', '', NULL, NULL, 0, '2023-01-08 22:18:22', '2023-01-08 22:18:22');
INSERT INTO `acl_permission` VALUES ('1634156862774489090', '1', '流程部署', 1, NULL, '/flow', 'Layout', NULL, NULL, 0, '2023-03-10 19:38:52', '2023-03-10 19:38:52');
INSERT INTO `acl_permission` VALUES ('1634157265054380034', '1634156862774489090', '流程管理', 1, NULL, 'flow', '/flow/flow', NULL, NULL, 0, '2023-03-10 19:40:28', '2023-03-10 21:04:45');

-- ----------------------------
-- Table structure for acl_role
-- ----------------------------
DROP TABLE IF EXISTS `acl_role`;
CREATE TABLE `acl_role`  (
  `id` varchar(19) CHARACTER SET utf8 COLLATE utf8_general_ci NOT NULL DEFAULT '' COMMENT '角色id',
  `role_name` varchar(20) CHARACTER SET utf8 COLLATE utf8_general_ci NOT NULL DEFAULT '' COMMENT '角色名称',
  `role_code` varchar(20) CHARACTER SET utf8 COLLATE utf8_general_ci NULL DEFAULT NULL COMMENT '角色编码',
  `remark` varchar(255) CHARACTER SET utf8 COLLATE utf8_general_ci NULL DEFAULT NULL COMMENT '备注',
  `is_deleted` tinyint unsigned NOT NULL COMMENT '逻辑删除 1（true）已删除， 0（false）未删除',
  `create_time` datetime(0) NOT NULL COMMENT '创建时间',
  `update_time` datetime(0) NOT NULL COMMENT '更新时间',
  PRIMARY KEY (`id`) USING BTREE
) ENGINE = InnoDB CHARACTER SET = utf8 COLLATE = utf8_general_ci ROW_FORMAT = Dynamic;

-- ----------------------------
-- Records of acl_role
-- ----------------------------
INSERT INTO `acl_role` VALUES ('1', '超级管理员', NULL, NULL, 0, '2019-11-11 13:09:32', '2020-08-21 11:59:37');
INSERT INTO `acl_role` VALUES ('1610208115703209986', '数据统计员', NULL, NULL, 0, '2023-01-03 17:35:06', '2023-01-03 17:35:06');
INSERT INTO `acl_role` VALUES ('1610258535196704769', '用户管理员', NULL, NULL, 0, '2023-01-03 20:55:27', '2023-01-03 20:55:27');
INSERT INTO `acl_role` VALUES ('1610753507402506242', '一级审核员', NULL, NULL, 0, '2023-01-05 05:42:17', '2023-01-05 05:42:17');
INSERT INTO `acl_role` VALUES ('1610753566378614785', '二级审核员', NULL, NULL, 0, '2023-01-05 05:42:31', '2023-01-05 05:42:31');

-- ----------------------------
-- Table structure for acl_role_permission
-- ----------------------------
DROP TABLE IF EXISTS `acl_role_permission`;
CREATE TABLE `acl_role_permission`  (
  `id` varchar(19) CHARACTER SET utf8 COLLATE utf8_general_ci NOT NULL DEFAULT '',
  `role_id` varchar(19) CHARACTER SET utf8 COLLATE utf8_general_ci NOT NULL DEFAULT '',
  `permission_id` char(19) CHARACTER SET utf8 COLLATE utf8_general_ci NOT NULL DEFAULT '',
  `is_deleted` tinyint unsigned NOT NULL COMMENT '逻辑删除 1（true）已删除， 0（false）未删除',
  `create_time` datetime(0) NOT NULL COMMENT '创建时间',
  `update_time` datetime(0) NOT NULL COMMENT '更新时间',
  PRIMARY KEY (`id`) USING BTREE,
  INDEX `idx_role_id`(`role_id`) USING BTREE,
  INDEX `idx_permission_id`(`permission_id`) USING BTREE
) ENGINE = InnoDB CHARACTER SET = utf8 COLLATE = utf8_general_ci COMMENT = '角色权限' ROW_FORMAT = Dynamic;

-- ----------------------------
-- Records of acl_role_permission
-- ----------------------------
INSERT INTO `acl_role_permission` VALUES ('1612180465273360385', '1610753507402506242', '1', 0, '2023-01-09 04:12:30', '2023-01-09 04:12:30');
INSERT INTO `acl_role_permission` VALUES ('1612180465273360386', '1610753507402506242', '1611805002927489026', 0, '2023-01-09 04:12:30', '2023-01-09 04:12:30');
INSERT INTO `acl_role_permission` VALUES ('1612180465273360387', '1610753507402506242', '1611805357966934018', 0, '2023-01-09 04:12:30', '2023-01-09 04:12:30');
INSERT INTO `acl_role_permission` VALUES ('1612180465273360388', '1610753507402506242', '1611806118809485314', 0, '2023-01-09 04:12:30', '2023-01-09 04:12:30');
INSERT INTO `acl_role_permission` VALUES ('1612180465273360389', '1610753507402506242', '1611806450960613378', 0, '2023-01-09 04:12:30', '2023-01-09 04:12:30');
INSERT INTO `acl_role_permission` VALUES ('1612180465273360390', '1610753507402506242', '1612091217178345474', 0, '2023-01-09 04:12:30', '2023-01-09 04:12:30');
INSERT INTO `acl_role_permission` VALUES ('1612180465273360391', '1610753507402506242', '1612091344337059842', 0, '2023-01-09 04:12:30', '2023-01-09 04:12:30');
INSERT INTO `acl_role_permission` VALUES ('1612180510542483457', '1610753566378614785', '1', 0, '2023-01-09 04:12:41', '2023-01-09 04:12:41');
INSERT INTO `acl_role_permission` VALUES ('1612180510542483458', '1610753566378614785', '1611805002927489026', 0, '2023-01-09 04:12:41', '2023-01-09 04:12:41');
INSERT INTO `acl_role_permission` VALUES ('1612180510542483459', '1610753566378614785', '1611805357966934018', 0, '2023-01-09 04:12:41', '2023-01-09 04:12:41');
INSERT INTO `acl_role_permission` VALUES ('1612180510542483460', '1610753566378614785', '1611806118809485314', 0, '2023-01-09 04:12:41', '2023-01-09 04:12:41');
INSERT INTO `acl_role_permission` VALUES ('1612180510542483461', '1610753566378614785', '1611806450960613378', 0, '2023-01-09 04:12:41', '2023-01-09 04:12:41');
INSERT INTO `acl_role_permission` VALUES ('1612180510542483462', '1610753566378614785', '1612091217178345474', 0, '2023-01-09 04:12:41', '2023-01-09 04:12:41');
INSERT INTO `acl_role_permission` VALUES ('1612180510542483463', '1610753566378614785', '1612091344337059842', 0, '2023-01-09 04:12:41', '2023-01-09 04:12:41');
INSERT INTO `acl_role_permission` VALUES ('1634150603174227970', '1610258535196704769', '1', 0, '2023-03-10 19:14:00', '2023-03-10 19:14:00');
INSERT INTO `acl_role_permission` VALUES ('1634150603174227971', '1610258535196704769', '1610198217674285058', 0, '2023-03-10 19:14:00', '2023-03-10 19:14:00');
INSERT INTO `acl_role_permission` VALUES ('1634150603174227972', '1610258535196704769', '1610198667169456130', 0, '2023-03-10 19:14:00', '2023-03-10 19:14:00');
INSERT INTO `acl_role_permission` VALUES ('1634150603174227973', '1610258535196704769', '1610222446788526081', 0, '2023-03-10 19:14:00', '2023-03-10 19:14:00');
INSERT INTO `acl_role_permission` VALUES ('1634150603174227974', '1610258535196704769', '1610223534585462785', 0, '2023-03-10 19:14:00', '2023-03-10 19:14:00');
INSERT INTO `acl_role_permission` VALUES ('1634150603191005185', '1610258535196704769', '1610532336606216193', 0, '2023-03-10 19:14:00', '2023-03-10 19:14:00');
INSERT INTO `acl_role_permission` VALUES ('1634157681875922945', '1', '1', 0, '2023-03-10 19:42:07', '2023-03-10 19:42:07');
INSERT INTO `acl_role_permission` VALUES ('1634157681875922946', '1', '1195268474480156673', 0, '2023-03-10 19:42:07', '2023-03-10 19:42:07');
INSERT INTO `acl_role_permission` VALUES ('1634157681875922947', '1', '1195268616021139457', 0, '2023-03-10 19:42:07', '2023-03-10 19:42:07');
INSERT INTO `acl_role_permission` VALUES ('1634157681875922948', '1', '1195269143060602882', 0, '2023-03-10 19:42:07', '2023-03-10 19:42:07');
INSERT INTO `acl_role_permission` VALUES ('1634157681875922949', '1', '1195269295926206466', 0, '2023-03-10 19:42:07', '2023-03-10 19:42:07');
INSERT INTO `acl_role_permission` VALUES ('1634157681875922950', '1', '1195269473479483394', 0, '2023-03-10 19:42:07', '2023-03-10 19:42:07');
INSERT INTO `acl_role_permission` VALUES ('1634157681875922951', '1', '1195269547269873666', 0, '2023-03-10 19:42:07', '2023-03-10 19:42:07');
INSERT INTO `acl_role_permission` VALUES ('1634157681875922952', '1', '1195269547269873667', 0, '2023-03-10 19:42:07', '2023-03-10 19:42:07');
INSERT INTO `acl_role_permission` VALUES ('1634157681875922953', '1', '1195268788138598401', 0, '2023-03-10 19:42:07', '2023-03-10 19:42:07');
INSERT INTO `acl_role_permission` VALUES ('1634157681875922954', '1', '1195269821262782465', 0, '2023-03-10 19:42:07', '2023-03-10 19:42:07');
INSERT INTO `acl_role_permission` VALUES ('1634157681875922955', '1', '1195269903542444034', 0, '2023-03-10 19:42:07', '2023-03-10 19:42:07');
INSERT INTO `acl_role_permission` VALUES ('1634157681875922956', '1', '1195270037005197313', 0, '2023-03-10 19:42:07', '2023-03-10 19:42:07');
INSERT INTO `acl_role_permission` VALUES ('1634157681875922957', '1', '1195270442602782721', 0, '2023-03-10 19:42:07', '2023-03-10 19:42:07');
INSERT INTO `acl_role_permission` VALUES ('1634157681875922958', '1', '1195270621548568578', 0, '2023-03-10 19:42:07', '2023-03-10 19:42:07');
INSERT INTO `acl_role_permission` VALUES ('1634157681875922959', '1', '1195268893830864898', 0, '2023-03-10 19:42:07', '2023-03-10 19:42:07');
INSERT INTO `acl_role_permission` VALUES ('1634157681875922960', '1', '1195270744097742849', 0, '2023-03-10 19:42:07', '2023-03-10 19:42:07');
INSERT INTO `acl_role_permission` VALUES ('1634157681875922961', '1', '1195270810560684034', 0, '2023-03-10 19:42:07', '2023-03-10 19:42:07');
INSERT INTO `acl_role_permission` VALUES ('1634157681875922962', '1', '1195270862100291586', 0, '2023-03-10 19:42:07', '2023-03-10 19:42:07');
INSERT INTO `acl_role_permission` VALUES ('1634157681875922963', '1', '1195270887933009922', 0, '2023-03-10 19:42:07', '2023-03-10 19:42:07');
INSERT INTO `acl_role_permission` VALUES ('1634157681875922964', '1', '1610198217674285058', 0, '2023-03-10 19:42:07', '2023-03-10 19:42:07');
INSERT INTO `acl_role_permission` VALUES ('1634157681875922965', '1', '1610198667169456130', 0, '2023-03-10 19:42:07', '2023-03-10 19:42:07');
INSERT INTO `acl_role_permission` VALUES ('1634157681875922966', '1', '1610222446788526081', 0, '2023-03-10 19:42:07', '2023-03-10 19:42:07');
INSERT INTO `acl_role_permission` VALUES ('1634157681875922967', '1', '1610223534585462785', 0, '2023-03-10 19:42:07', '2023-03-10 19:42:07');
INSERT INTO `acl_role_permission` VALUES ('1634157681875922968', '1', '1610251470340407297', 0, '2023-03-10 19:42:07', '2023-03-10 19:42:07');
INSERT INTO `acl_role_permission` VALUES ('1634157681875922969', '1', '1610251568856219650', 0, '2023-03-10 19:42:07', '2023-03-10 19:42:07');
INSERT INTO `acl_role_permission` VALUES ('1634157681875922970', '1', '1610252308089716738', 0, '2023-03-10 19:42:07', '2023-03-10 19:42:07');
INSERT INTO `acl_role_permission` VALUES ('1634157681875922971', '1', '1610252509915430914', 0, '2023-03-10 19:42:07', '2023-03-10 19:42:07');
INSERT INTO `acl_role_permission` VALUES ('1634157681875922972', '1', '1610531691266408450', 0, '2023-03-10 19:42:07', '2023-03-10 19:42:07');
INSERT INTO `acl_role_permission` VALUES ('1634157681875922973', '1', '1610254556630925314', 0, '2023-03-10 19:42:07', '2023-03-10 19:42:07');
INSERT INTO `acl_role_permission` VALUES ('1634157681875922974', '1', '1610254620711501825', 0, '2023-03-10 19:42:07', '2023-03-10 19:42:07');
INSERT INTO `acl_role_permission` VALUES ('1634157681875922975', '1', '1610329881847083010', 0, '2023-03-10 19:42:07', '2023-03-10 19:42:07');
INSERT INTO `acl_role_permission` VALUES ('1634157681875922976', '1', '1610329965301149697', 0, '2023-03-10 19:42:07', '2023-03-10 19:42:07');
INSERT INTO `acl_role_permission` VALUES ('1634157681875922977', '1', '1610527705469648898', 0, '2023-03-10 19:42:07', '2023-03-10 19:42:07');
INSERT INTO `acl_role_permission` VALUES ('1634157681875922978', '1', '1610504038656344066', 0, '2023-03-10 19:42:07', '2023-03-10 19:42:07');
INSERT INTO `acl_role_permission` VALUES ('1634157681875922979', '1', '1610507596374048769', 0, '2023-03-10 19:42:07', '2023-03-10 19:42:07');
INSERT INTO `acl_role_permission` VALUES ('1634157681875922980', '1', '1610507936922173442', 0, '2023-03-10 19:42:07', '2023-03-10 19:42:07');
INSERT INTO `acl_role_permission` VALUES ('1634157681875922981', '1', '1610526760883027970', 0, '2023-03-10 19:42:07', '2023-03-10 19:42:07');
INSERT INTO `acl_role_permission` VALUES ('1634157681875922982', '1', '1610517197521780738', 0, '2023-03-10 19:42:07', '2023-03-10 19:42:07');
INSERT INTO `acl_role_permission` VALUES ('1634157681875922983', '1', '1610517586400870402', 0, '2023-03-10 19:42:07', '2023-03-10 19:42:07');
INSERT INTO `acl_role_permission` VALUES ('1634157681875922984', '1', '1610517663022415873', 0, '2023-03-10 19:42:07', '2023-03-10 19:42:07');
INSERT INTO `acl_role_permission` VALUES ('1634157681875922985', '1', '1610528819514540034', 0, '2023-03-10 19:42:07', '2023-03-10 19:42:07');
INSERT INTO `acl_role_permission` VALUES ('1634157681875922986', '1', '1611805002927489026', 0, '2023-03-10 19:42:07', '2023-03-10 19:42:07');
INSERT INTO `acl_role_permission` VALUES ('1634157681875922987', '1', '1611805357966934018', 0, '2023-03-10 19:42:07', '2023-03-10 19:42:07');
INSERT INTO `acl_role_permission` VALUES ('1634157681875922988', '1', '1611806118809485314', 0, '2023-03-10 19:42:07', '2023-03-10 19:42:07');
INSERT INTO `acl_role_permission` VALUES ('1634157681875922989', '1', '1611806450960613378', 0, '2023-03-10 19:42:07', '2023-03-10 19:42:07');
INSERT INTO `acl_role_permission` VALUES ('1634157681875922990', '1', '1612091217178345474', 0, '2023-03-10 19:42:07', '2023-03-10 19:42:07');
INSERT INTO `acl_role_permission` VALUES ('1634157681875922991', '1', '1612091344337059842', 0, '2023-03-10 19:42:07', '2023-03-10 19:42:07');
INSERT INTO `acl_role_permission` VALUES ('1634157681875922992', '1', '1634156862774489090', 0, '2023-03-10 19:42:07', '2023-03-10 19:42:07');
INSERT INTO `acl_role_permission` VALUES ('1634157681875922993', '1', '1634157265054380034', 0, '2023-03-10 19:42:07', '2023-03-10 19:42:07');

-- ----------------------------
-- Table structure for acl_user
-- ----------------------------
DROP TABLE IF EXISTS `acl_user`;
CREATE TABLE `acl_user`  (
  `id` varchar(19) CHARACTER SET utf8mb4 COLLATE utf8mb4_0900_ai_ci NOT NULL COMMENT '会员id',
  `username` varchar(20) CHARACTER SET utf8mb4 COLLATE utf8mb4_0900_ai_ci NOT NULL DEFAULT '' COMMENT '微信openid',
  `password` varchar(32) CHARACTER SET utf8mb4 COLLATE utf8mb4_0900_ai_ci NOT NULL DEFAULT '' COMMENT '密码',
  `nick_name` varchar(50) CHARACTER SET utf8mb4 COLLATE utf8mb4_0900_ai_ci NULL DEFAULT NULL COMMENT '昵称',
  `salt` varchar(255) CHARACTER SET utf8mb4 COLLATE utf8mb4_0900_ai_ci NULL DEFAULT NULL COMMENT '用户头像',
  `token` varchar(100) CHARACTER SET utf8mb4 COLLATE utf8mb4_0900_ai_ci NULL DEFAULT NULL COMMENT '用户签名',
  `is_deleted` tinyint unsigned NOT NULL COMMENT '逻辑删除 1（true）已删除， 0（false）未删除',
  `create_time` datetime(0) NOT NULL COMMENT '创建时间',
  `update_time` datetime(0) NOT NULL COMMENT '更新时间',
  PRIMARY KEY (`id`) USING BTREE,
  UNIQUE INDEX `uk_username`(`username`) USING BTREE
) ENGINE = InnoDB CHARACTER SET = utf8mb4 COLLATE = utf8mb4_0900_ai_ci COMMENT = '用户表' ROW_FORMAT = Dynamic;

-- ----------------------------
-- Records of acl_user
-- ----------------------------
INSERT INTO `acl_user` VALUES ('1610258437083545601', 'kyle', '96e79218965eb72c92a549dd5a330112', 'kyle', NULL, NULL, 0, '2023-01-03 20:55:03', '2023-01-03 20:55:03');
INSERT INTO `acl_user` VALUES ('1610753781743542273', 'sh1', '96e79218965eb72c92a549dd5a330112', 'sh1', NULL, NULL, 0, '2023-01-05 05:43:23', '2023-01-05 05:43:23');
INSERT INTO `acl_user` VALUES ('1610754019262783490', 'sh2', '96e79218965eb72c92a549dd5a330112', 'sh2', NULL, NULL, 0, '2023-01-05 05:44:19', '2023-01-05 05:44:19');
INSERT INTO `acl_user` VALUES ('2', 'admin', '96e79218965eb72c92a549dd5a330112', 'admin', '', NULL, 0, '2019-11-01 10:39:47', '2019-11-01 10:39:47');

-- ----------------------------
-- Table structure for acl_user_role
-- ----------------------------
DROP TABLE IF EXISTS `acl_user_role`;
CREATE TABLE `acl_user_role`  (
  `id` varchar(19) CHARACTER SET utf8 COLLATE utf8_general_ci NOT NULL DEFAULT '' COMMENT '主键id',
  `role_id` varchar(19) CHARACTER SET utf8 COLLATE utf8_general_ci NOT NULL DEFAULT '0' COMMENT '角色id',
  `user_id` char(19) CHARACTER SET utf8 COLLATE utf8_general_ci NOT NULL DEFAULT '0' COMMENT '用户id',
  `is_deleted` tinyint unsigned NOT NULL COMMENT '逻辑删除 1（true）已删除， 0（false）未删除',
  `create_time` datetime(0) NOT NULL COMMENT '创建时间',
  `update_time` datetime(0) NOT NULL COMMENT '更新时间',
  PRIMARY KEY (`id`) USING BTREE,
  INDEX `idx_role_id`(`role_id`) USING BTREE,
  INDEX `idx_user_id`(`user_id`) USING BTREE
) ENGINE = InnoDB CHARACTER SET = utf8 COLLATE = utf8_general_ci ROW_FORMAT = Dynamic;

-- ----------------------------
-- Records of acl_user_role
-- ----------------------------
INSERT INTO `acl_user_role` VALUES ('1610263296713232385', '1610258535196704769', '1610258437083545601', 0, '2023-01-03 21:14:22', '2023-01-03 21:14:22');
INSERT INTO `acl_user_role` VALUES ('1610263296713232386', '1610208115703209986', '1610258437083545601', 0, '2023-01-03 21:14:22', '2023-01-03 21:14:22');
INSERT INTO `acl_user_role` VALUES ('1611992851798929410', '1610753507402506242', '1610753781743542273', 0, '2023-01-08 15:47:00', '2023-01-08 15:47:00');
INSERT INTO `acl_user_role` VALUES ('1611992851798929411', '1610208115703209986', '1610753781743542273', 0, '2023-01-08 15:47:00', '2023-01-08 15:47:00');
INSERT INTO `acl_user_role` VALUES ('1612009865108107266', '1610753566378614785', '1610754019262783490', 0, '2023-01-08 16:54:36', '2023-01-08 16:54:36');
INSERT INTO `acl_user_role` VALUES ('1612009865108107267', '1610208115703209986', '1610754019262783490', 0, '2023-01-08 16:54:36', '2023-01-08 16:54:36');
INSERT INTO `acl_user_role` VALUES ('1634189016942317570', '1', '2', 0, '2023-03-10 21:46:38', '2023-03-10 21:46:38');
INSERT INTO `acl_user_role` VALUES ('1634189016942317571', '1610208115703209986', '2', 0, '2023-03-10 21:46:38', '2023-03-10 21:46:38');
INSERT INTO `acl_user_role` VALUES ('1634189016942317572', '1610753507402506242', '2', 0, '2023-03-10 21:46:38', '2023-03-10 21:46:38');
INSERT INTO `acl_user_role` VALUES ('1634189016942317573', '1610753566378614785', '2', 0, '2023-03-10 21:46:38', '2023-03-10 21:46:38');
INSERT INTO `acl_user_role` VALUES ('1634189016942317574', '1610258535196704769', '2', 0, '2023-03-10 21:46:38', '2023-03-10 21:46:38');

-- ----------------------------
-- Table structure for act_evt_log
-- ----------------------------
DROP TABLE IF EXISTS `act_evt_log`;
CREATE TABLE `act_evt_log`  (
  `LOG_NR_` bigint(0) NOT NULL AUTO_INCREMENT,
  `TYPE_` varchar(64) CHARACTER SET utf8 COLLATE utf8_bin NULL DEFAULT NULL,
  `PROC_DEF_ID_` varchar(64) CHARACTER SET utf8 COLLATE utf8_bin NULL DEFAULT NULL,
  `PROC_INST_ID_` varchar(64) CHARACTER SET utf8 COLLATE utf8_bin NULL DEFAULT NULL,
  `EXECUTION_ID_` varchar(64) CHARACTER SET utf8 COLLATE utf8_bin NULL DEFAULT NULL,
  `TASK_ID_` varchar(64) CHARACTER SET utf8 COLLATE utf8_bin NULL DEFAULT NULL,
  `TIME_STAMP_` timestamp(3) NOT NULL,
  `USER_ID_` varchar(255) CHARACTER SET utf8 COLLATE utf8_bin NULL DEFAULT NULL,
  `DATA_` longblob NULL,
  `LOCK_OWNER_` varchar(255) CHARACTER SET utf8 COLLATE utf8_bin NULL DEFAULT NULL,
  `LOCK_TIME_` timestamp(3) NULL DEFAULT NULL,
  `IS_PROCESSED_` tinyint(0) NULL DEFAULT 0,
  PRIMARY KEY (`LOG_NR_`) USING BTREE
) ENGINE = InnoDB CHARACTER SET = utf8 COLLATE = utf8_bin ROW_FORMAT = Dynamic;

-- ----------------------------
-- Table structure for act_ge_bytearray
-- ----------------------------
DROP TABLE IF EXISTS `act_ge_bytearray`;
CREATE TABLE `act_ge_bytearray`  (
  `ID_` varchar(64) CHARACTER SET utf8 COLLATE utf8_bin NOT NULL,
  `REV_` int(0) NULL DEFAULT NULL,
  `NAME_` varchar(255) CHARACTER SET utf8 COLLATE utf8_bin NULL DEFAULT NULL,
  `DEPLOYMENT_ID_` varchar(64) CHARACTER SET utf8 COLLATE utf8_bin NULL DEFAULT NULL,
  `BYTES_` longblob NULL,
  `GENERATED_` tinyint(0) NULL DEFAULT NULL,
  PRIMARY KEY (`ID_`) USING BTREE,
  INDEX `ACT_FK_BYTEARR_DEPL`(`DEPLOYMENT_ID_`) USING BTREE,
  CONSTRAINT `ACT_FK_BYTEARR_DEPL` FOREIGN KEY (`DEPLOYMENT_ID_`) REFERENCES `act_re_deployment` (`ID_`) ON DELETE RESTRICT ON UPDATE RESTRICT
) ENGINE = InnoDB CHARACTER SET = utf8 COLLATE = utf8_bin ROW_FORMAT = Dynamic;

-- ----------------------------
-- Records of act_ge_bytearray
-- ----------------------------
INSERT INTO `act_ge_bytearray` VALUES ('274b5726-bf49-11ed-b027-f20af69b3e23', 1, 'hist.var-activity', NULL, 0xACED000573720021636F6D2E6B796C652E61637469766974792E656E746974792E416374697669747900000000000000010200094C0009626567696E54696D657400124C6A6176612F6C616E672F537472696E673B4C000A63726561746554696D657400104C6A6176612F7574696C2F446174653B4C0007656E6454696D6571007E00014C0002696471007E00014C00046E616D6571007E00014C00057265736F6E71007E00014C0005737461746571007E00014C000A75706461746554696D6571007E00024C000675736572496471007E00017870740013323032332D30332D31382032303A35353A30307372000E6A6176612E7574696C2E44617465686A81014B5974190300007870770800000186CBC09B7878740013323032332D30332D32382032303A35363A30307400133136333431383735323738353935313533393474000AE7AFAEE79083E8B59B32740009E7AFAEE79083E8B59B740001307371007E0005770800000186CBC09B787874000A32303139313331313031, NULL);
INSERT INTO `act_ge_bytearray` VALUES ('274b5727-bf49-11ed-b027-f20af69b3e23', 1, 'hist.detail.var-activity', NULL, 0xACED000573720021636F6D2E6B796C652E61637469766974792E656E746974792E416374697669747900000000000000010200094C0009626567696E54696D657400124C6A6176612F6C616E672F537472696E673B4C000A63726561746554696D657400104C6A6176612F7574696C2F446174653B4C0007656E6454696D6571007E00014C0002696471007E00014C00046E616D6571007E00014C00057265736F6E71007E00014C0005737461746571007E00014C000A75706461746554696D6571007E00024C000675736572496471007E00017870740013323032332D30332D31382032303A35353A30307372000E6A6176612E7574696C2E44617465686A81014B5974190300007870770800000186CBC09B7878740013323032332D30332D32382032303A35363A30307400133136333431383735323738353935313533393474000AE7AFAEE79083E8B59B32740009E7AFAEE79083E8B59B740001307371007E0005770800000186CBC09B787874000A32303139313331313031, NULL);
INSERT INTO `act_ge_bytearray` VALUES ('274b5735-bf49-11ed-b027-f20af69b3e23', 1, 'hist.var-venueIds', NULL, 0xACED0005757200135B4C6A6176612E6C616E672E537472696E673BADD256E7E91D7B4702000078700000000174000131, NULL);
INSERT INTO `act_ge_bytearray` VALUES ('274b5736-bf49-11ed-b027-f20af69b3e23', 1, 'hist.detail.var-venueIds', NULL, 0xACED0005757200135B4C6A6176612E6C616E672E537472696E673BADD256E7E91D7B4702000078700000000174000131, NULL);
INSERT INTO `act_ge_bytearray` VALUES ('503c212e-8ea1-11ed-8742-f20af69b3e23', 1, 'hist.var-activity', NULL, 0xACED000573720021636F6D2E6B796C652E61637469766974792E656E746974792E416374697669747900000000000000010200094C0009626567696E54696D657400124C6A6176612F6C616E672F537472696E673B4C000A63726561746554696D657400104C6A6176612F7574696C2F446174653B4C0007656E6454696D6571007E00014C0002696471007E00014C00046E616D6571007E00014C00057265736F6E71007E00014C0005737461746571007E00014C000A75706461746554696D6571007E00024C000675736572496471007E00017870740013323032332D30312D30312030303A30303A30307372000E6A6176612E7574696C2E44617465686A81014B59741903000078707708000001858CE201E078740013323032332D30312D30392030303A30303A30307400133136313137343930383131393931393030313774000AE7AFAEE79083E8B59B32740009E7AFAEE79083E8B59B740001307371007E00057708000001858CE201E07874000A32303139313331313031, NULL);
INSERT INTO `act_ge_bytearray` VALUES ('503c212f-8ea1-11ed-8742-f20af69b3e23', 1, 'hist.detail.var-activity', NULL, 0xACED000573720021636F6D2E6B796C652E61637469766974792E656E746974792E416374697669747900000000000000010200094C0009626567696E54696D657400124C6A6176612F6C616E672F537472696E673B4C000A63726561746554696D657400104C6A6176612F7574696C2F446174653B4C0007656E6454696D6571007E00014C0002696471007E00014C00046E616D6571007E00014C00057265736F6E71007E00014C0005737461746571007E00014C000A75706461746554696D6571007E00024C000675736572496471007E00017870740013323032332D30312D30312030303A30303A30307372000E6A6176612E7574696C2E44617465686A81014B59741903000078707708000001858CE201E078740013323032332D30312D30392030303A30303A30307400133136313137343930383131393931393030313774000AE7AFAEE79083E8B59B32740009E7AFAEE79083E8B59B740001307371007E00057708000001858CE201E07874000A32303139313331313031, NULL);
INSERT INTO `act_ge_bytearray` VALUES ('5faa5d08-8ea2-11ed-8742-f20af69b3e23', 1, 'hist.var-activity', NULL, 0xACED000573720021636F6D2E6B796C652E61637469766974792E656E746974792E416374697669747900000000000000010200094C0009626567696E54696D657400124C6A6176612F6C616E672F537472696E673B4C000A63726561746554696D657400104C6A6176612F7574696C2F446174653B4C0007656E6454696D6571007E00014C0002696471007E00014C00046E616D6571007E00014C00057265736F6E71007E00014C0005737461746571007E00014C000A75706461746554696D6571007E00024C000675736572496471007E00017870740013323032332D30312D30392030303A30303A30307372000E6A6176612E7574696C2E44617465686A81014B59741903000078707708000001858CE8F72078740013323032332D30312D31302030303A30303A30307400133136313137353039393134373831363936303174000AE7AFAEE79083E8B59B32740009E7AFAEE79083E8B59B740001307371007E00057708000001858CE8F7207874000A32303139313331313031, NULL);
INSERT INTO `act_ge_bytearray` VALUES ('5faa5d09-8ea2-11ed-8742-f20af69b3e23', 1, 'hist.detail.var-activity', NULL, 0xACED000573720021636F6D2E6B796C652E61637469766974792E656E746974792E416374697669747900000000000000010200094C0009626567696E54696D657400124C6A6176612F6C616E672F537472696E673B4C000A63726561746554696D657400104C6A6176612F7574696C2F446174653B4C0007656E6454696D6571007E00014C0002696471007E00014C00046E616D6571007E00014C00057265736F6E71007E00014C0005737461746571007E00014C000A75706461746554696D6571007E00024C000675736572496471007E00017870740013323032332D30312D30392030303A30303A30307372000E6A6176612E7574696C2E44617465686A81014B59741903000078707708000001858CE8F72078740013323032332D30312D31302030303A30303A30307400133136313137353039393134373831363936303174000AE7AFAEE79083E8B59B32740009E7AFAEE79083E8B59B740001307371007E00057708000001858CE8F7207874000A32303139313331313031, NULL);
INSERT INTO `act_ge_bytearray` VALUES ('65e0d6f9-8dee-11ed-bbc4-f20af69b3e23', 1, 'hist.var-activity', NULL, 0xACED000573720021636F6D2E6B796C652E61637469766974792E656E746974792E4163746976697479000000000000000102000B4C0009626567696E54696D657400124C6A6176612F6C616E672F537472696E673B4C000A63726561746554696D657400104C6A6176612F7574696C2F446174653B4C0007656E6454696D6571007E00014C0002696471007E00014C00046E616D6571007E00014C000E6F7267616E697A6174696F6E496471007E00014C00057265736F6E71007E00014C0005737461746571007E00014C000A75706461746554696D6571007E00024C000675736572496471007E00014C000776656E7565496471007E00017870740013323032332D30312D30312030303A30303A30307372000E6A6176612E7574696C2E44617465686A81014B5974190300007870770800000185884D79E878740013323032332D30312D30392030303A30303A30307400133136313134323637373538393335393832313074000AE7AFAEE79083E8B59B327400053130303031740009E7AFAEE79083E8B59B740001317371007E0005770800000185884D79E87874000A3230313931333131303174000131, NULL);
INSERT INTO `act_ge_bytearray` VALUES ('65e0d6fa-8dee-11ed-bbc4-f20af69b3e23', 1, 'hist.detail.var-activity', NULL, 0xACED000573720021636F6D2E6B796C652E61637469766974792E656E746974792E4163746976697479000000000000000102000B4C0009626567696E54696D657400124C6A6176612F6C616E672F537472696E673B4C000A63726561746554696D657400104C6A6176612F7574696C2F446174653B4C0007656E6454696D6571007E00014C0002696471007E00014C00046E616D6571007E00014C000E6F7267616E697A6174696F6E496471007E00014C00057265736F6E71007E00014C0005737461746571007E00014C000A75706461746554696D6571007E00024C000675736572496471007E00014C000776656E7565496471007E00017870740013323032332D30312D30312030303A30303A30307372000E6A6176612E7574696C2E44617465686A81014B5974190300007870770800000185884D79E878740013323032332D30312D30392030303A30303A30307400133136313134323637373538393335393832313074000AE7AFAEE79083E8B59B327400053130303031740009E7AFAEE79083E8B59B740001317371007E0005770800000185884D79E87874000A3230313931333131303174000131, NULL);
INSERT INTO `act_ge_bytearray` VALUES ('9f33be7f-bf3a-11ed-ab8b-f20af69b3e23', 1, 'processes/activity.bpmn20.xml', '9f33be7e-bf3a-11ed-ab8b-f20af69b3e23', 0x3C3F786D6C2076657273696F6E3D22312E302220656E636F64696E673D225554462D38223F3E0D0A3C646566696E6974696F6E7320786D6C6E733D22687474703A2F2F7777772E6F6D672E6F72672F737065632F42504D4E2F32303130303532342F4D4F44454C2220786D6C6E733A7873693D22687474703A2F2F7777772E77332E6F72672F323030312F584D4C536368656D612D696E7374616E63652220786D6C6E733A7873643D22687474703A2F2F7777772E77332E6F72672F323030312F584D4C536368656D612220786D6C6E733A61637469766974693D22687474703A2F2F61637469766974692E6F72672F62706D6E2220786D6C6E733A62706D6E64693D22687474703A2F2F7777772E6F6D672E6F72672F737065632F42504D4E2F32303130303532342F44492220786D6C6E733A6F6D6764633D22687474703A2F2F7777772E6F6D672E6F72672F737065632F44442F32303130303532342F44432220786D6C6E733A6F6D6764693D22687474703A2F2F7777772E6F6D672E6F72672F737065632F44442F32303130303532342F44492220747970654C616E67756167653D22687474703A2F2F7777772E77332E6F72672F323030312F584D4C536368656D61222065787072657373696F6E4C616E67756167653D22687474703A2F2F7777772E77332E6F72672F313939392F585061746822207461726765744E616D6573706163653D22687474703A2F2F7777772E61637469766974692E6F72672F70726F63657373646566223E0D0A20203C70726F636573732069643D22616374697669747922206E616D653D2261637469766974792220697345786563757461626C653D2274727565223E0D0A202020203C73746172744576656E742069643D227369642D38326631366439312D666136632D343331652D626662372D66323337376362326665646322206E616D653D22E5BC80E5A78B222F3E0D0A202020203C757365725461736B2069643D227369642D30326463313635632D663666612D343039302D386239612D36653862343637323364626122206E616D653D22E5889BE5BBBAE6B4BBE58AA8E794B3E8AFB7222061637469766974693A61737369676E65653D22247B61737369676E6565307D223E0D0A2020202020203C657874656E73696F6E456C656D656E74733E0D0A20202020202020203C61637469766974693A7461736B4C697374656E657220636C6173733D22636F6D2E6B796C652E61637469766974792E6C697374656E65722E4D795461736B4C697374656E657222206576656E743D2261737369676E6D656E74222F3E0D0A2020202020203C2F657874656E73696F6E456C656D656E74733E0D0A202020203C2F757365725461736B3E0D0A202020203C73657175656E6365466C6F772069643D227369642D61376438336339302D613533332D346334642D623165622D3863633832313831333835652220736F757263655265663D227369642D38326631366439312D666136632D343331652D626662372D66323337376362326665646322207461726765745265663D227369642D30326463313635632D663666612D343039302D386239612D366538623436373233646261222F3E0D0A202020203C757365725461736B2069643D227369642D65303862613136622D653735372D343830362D383364302D35623433343033383666336122206E616D653D22E4B880E7BAA7E5AEA1E6A0B8222061637469766974693A61737369676E65653D22247B61737369676E6565317D222061637469766974693A647565446174653D22247B647565446174657D223E0D0A2020202020203C657874656E73696F6E456C656D656E74733E0D0A20202020202020203C61637469766974693A7461736B4C697374656E657220636C6173733D22636F6D2E6B796C652E61637469766974792E6C697374656E65722E4D795461736B4C697374656E657222206576656E743D2261737369676E6D656E74222F3E0D0A2020202020203C2F657874656E73696F6E456C656D656E74733E0D0A202020203C2F757365725461736B3E0D0A202020203C73657175656E6365466C6F772069643D227369642D39656562303863612D396564342D343361382D613131392D3036346232396236316432332220736F757263655265663D227369642D30326463313635632D663666612D343039302D386239612D36653862343637323364626122207461726765745265663D227369642D65303862613136622D653735372D343830362D383364302D356234333430333836663361222F3E0D0A202020203C757365725461736B2069643D227369642D65303335303730642D316136642D343965322D393339302D38383766336462356635366122206E616D653D22E4BA8CE7BAA7E5AEA1E6A0B8222061637469766974693A61737369676E65653D22247B61737369676E6565327D222061637469766974693A647565446174653D22247B647565446174657D223E0D0A2020202020203C657874656E73696F6E456C656D656E74733E0D0A20202020202020203C61637469766974693A7461736B4C697374656E657220636C6173733D22636F6D2E6B796C652E61637469766974792E6C697374656E65722E4D795461736B4C697374656E657222206576656E743D2261737369676E6D656E74222F3E0D0A2020202020203C2F657874656E73696F6E456C656D656E74733E0D0A202020203C2F757365725461736B3E0D0A202020203C6578636C7573697665476174657761792069643D227369642D64363466623536372D613039392D346361312D396261362D396134653764656631636530222F3E0D0A202020203C73657175656E6365466C6F772069643D227369642D32333837653933652D616236362D346239392D613663302D3933633337303730393561612220736F757263655265663D227369642D65303862613136622D653735372D343830362D383364302D35623433343033383666336122207461726765745265663D227369642D64363466623536372D613039392D346361312D396261362D396134653764656631636530222F3E0D0A202020203C73657175656E6365466C6F772069643D227369642D36303636353434362D373965302D343236392D386564342D3737633062616565613438622220736F757263655265663D227369642D64363466623536372D613039392D346361312D396261362D39613465376465663163653022207461726765745265663D227369642D65303335303730642D316136642D343965322D393339302D383837663364623566353661223E0D0A2020202020203C636F6E646974696F6E45787072657373696F6E207873693A747970653D2274466F726D616C45787072657373696F6E223E3C215B43444154415B247B686F7572733E3D34387D5D5D3E3C2F636F6E646974696F6E45787072657373696F6E3E0D0A202020203C2F73657175656E6365466C6F773E0D0A202020203C656E644576656E742069643D227369642D64366631613661652D653730342D343034642D613663362D32343236323266313937636322206E616D653D22E6B4BBE58AA8E7BB93E69D9F223E0D0A2020202020203C657874656E73696F6E456C656D656E74733E0D0A20202020202020203C61637469766974693A657865637574696F6E4C697374656E657220636C6173733D22636F6D2E6B796C652E61637469766974792E6C697374656E65722E4D79457865637574696F6E4C697374656E657222206576656E743D22656E64222F3E0D0A2020202020203C2F657874656E73696F6E456C656D656E74733E0D0A202020203C2F656E644576656E743E0D0A202020203C73657175656E6365466C6F772069643D227369642D66366563623165332D323066642D343761312D393434342D3030373065316631313133322220736F757263655265663D227369642D64363466623536372D613039392D346361312D396261362D39613465376465663163653022207461726765745265663D227369642D63323365306635322D396635632D343535342D623734382D646136363634356434643531223E0D0A2020202020203C636F6E646974696F6E45787072657373696F6E207873693A747970653D2274466F726D616C45787072657373696F6E223E3C215B43444154415B247B686F7572733C34387D5D5D3E3C2F636F6E646974696F6E45787072657373696F6E3E0D0A202020203C2F73657175656E6365466C6F773E0D0A202020203C73657175656E6365466C6F772069643D227369642D37356638313964302D616630322D346134332D386334352D3230333763663264326639382220736F757263655265663D227369642D65303335303730642D316136642D343965322D393339302D38383766336462356635366122207461726765745265663D227369642D63323365306635322D396635632D343535342D623734382D646136363634356434643531222F3E0D0A202020203C696E7465726D65646961746543617463684576656E742069643D227369642D63323365306635322D396635632D343535342D623734382D64613636363435643464353122206E616D653D22E7AD89E5BE85E6B4BBE58AA8E5BC80E5A78B223E0D0A2020202020203C657874656E73696F6E456C656D656E74733E0D0A20202020202020203C61637469766974693A657865637574696F6E4C697374656E657220636C6173733D22636F6D2E6B796C652E61637469766974792E6C697374656E65722E4D79457865637574696F6E4C697374656E657222206576656E743D227374617274222F3E0D0A20202020202020203C61637469766974693A657865637574696F6E4C697374656E657220636C6173733D22636F6D2E6B796C652E61637469766974792E6C697374656E65722E4D79457865637574696F6E4C697374656E657222206576656E743D22656E64222F3E0D0A2020202020203C2F657874656E73696F6E456C656D656E74733E0D0A2020202020203C74696D65724576656E74446566696E6974696F6E3E0D0A20202020202020203C74696D654475726174696F6E3E247B626567696E7D3C2F74696D654475726174696F6E3E0D0A2020202020203C2F74696D65724576656E74446566696E6974696F6E3E0D0A202020203C2F696E7465726D65646961746543617463684576656E743E0D0A202020203C696E7465726D65646961746543617463684576656E742069643D227369642D62353734613061332D383236322D343362302D393534652D33363566393435333861336122206E616D653D22E6B4BBE58AA8E5BC80E5A78B223E0D0A2020202020203C657874656E73696F6E456C656D656E74733E0D0A20202020202020203C61637469766974693A657865637574696F6E4C697374656E657220636C6173733D22636F6D2E6B796C652E61637469766974792E6C697374656E65722E4D79457865637574696F6E4C697374656E657222206576656E743D22656E64222F3E0D0A2020202020203C2F657874656E73696F6E456C656D656E74733E0D0A2020202020203C74696D65724576656E74446566696E6974696F6E3E0D0A20202020202020203C74696D654475726174696F6E3E247B656E647D3C2F74696D654475726174696F6E3E0D0A2020202020203C2F74696D65724576656E74446566696E6974696F6E3E0D0A202020203C2F696E7465726D65646961746543617463684576656E743E0D0A202020203C73657175656E6365466C6F772069643D227369642D61356535386562302D353438622D346366382D623164632D3131336662666261363436392220736F757263655265663D227369642D63323365306635322D396635632D343535342D623734382D64613636363435643464353122207461726765745265663D227369642D62353734613061332D383236322D343362302D393534652D333635663934353338613361222F3E0D0A202020203C73657175656E6365466C6F772069643D227369642D33386632613939642D326439322D343865382D626161652D3364383736636163373939322220736F757263655265663D227369642D62353734613061332D383236322D343362302D393534652D33363566393435333861336122207461726765745265663D227369642D64366631613661652D653730342D343034642D613663362D323432363232663139376363222F3E0D0A202020203C626F756E646172794576656E742069643D227369642D39313732306531352D396536642D343737632D383034352D37333030383365346433303122206174746163686564546F5265663D227369642D65303862613136622D653735372D343830362D383364302D356234333430333836663361223E0D0A2020202020203C657874656E73696F6E456C656D656E74733E0D0A20202020202020203C61637469766974693A657865637574696F6E4C697374656E657220636C6173733D22636F6D2E6B796C652E61637469766974792E6C697374656E65722E4D79457865637574696F6E4C697374656E657222206576656E743D22656E64222F3E0D0A2020202020203C2F657874656E73696F6E456C656D656E74733E0D0A2020202020203C74696D65724576656E74446566696E6974696F6E3E0D0A20202020202020203C74696D654475726174696F6E3E5031443C2F74696D654475726174696F6E3E0D0A2020202020203C2F74696D65724576656E74446566696E6974696F6E3E0D0A202020203C2F626F756E646172794576656E743E0D0A202020203C656E644576656E742069643D227369642D34346431316136652D373236322D343238632D393764622D643265643639396436333235222F3E0D0A202020203C626F756E646172794576656E742069643D227369642D37336136376663642D326233372D343664372D613337652D63613462333038316632623222206174746163686564546F5265663D227369642D65303335303730642D316136642D343965322D393339302D383837663364623566353661223E0D0A2020202020203C657874656E73696F6E456C656D656E74733E0D0A20202020202020203C61637469766974693A657865637574696F6E4C697374656E657220636C6173733D22636F6D2E6B796C652E61637469766974792E6C697374656E65722E4D79457865637574696F6E4C697374656E657222206576656E743D22656E64222F3E0D0A2020202020203C2F657874656E73696F6E456C656D656E74733E0D0A2020202020203C74696D65724576656E74446566696E6974696F6E3E0D0A20202020202020203C74696D654475726174696F6E3E5031443C2F74696D654475726174696F6E3E0D0A2020202020203C2F74696D65724576656E74446566696E6974696F6E3E0D0A202020203C2F626F756E646172794576656E743E0D0A202020203C73657175656E6365466C6F772069643D227369642D37613039356566382D646232632D346130382D613036352D3430623437393061653736662220736F757263655265663D227369642D39313732306531352D396536642D343737632D383034352D37333030383365346433303122207461726765745265663D227369642D34346431316136652D373236322D343238632D393764622D643265643639396436333235222F3E0D0A202020203C73657175656E6365466C6F772069643D227369642D64653135663130622D623630642D343964652D383237392D3963653637643230633839372220736F757263655265663D227369642D37336136376663642D326233372D343664372D613337652D63613462333038316632623222207461726765745265663D227369642D34346431316136652D373236322D343238632D393764622D643265643639396436333235222F3E0D0A20203C2F70726F636573733E0D0A20203C62706D6E64693A42504D4E4469616772616D2069643D2242504D4E4469616772616D5F6163746976697479223E0D0A202020203C62706D6E64693A42504D4E506C616E652062706D6E456C656D656E743D226163746976697479222069643D2242504D4E506C616E655F6163746976697479223E0D0A2020202020203C62706D6E64693A42504D4E53686170652069643D2273686170652D31323636663338302D383035392D343366382D616335612D306132323562333735653465222062706D6E456C656D656E743D227369642D38326631366439312D666136632D343331652D626662372D663233373763623266656463223E0D0A20202020202020203C6F6D6764633A426F756E647320783D222D37352E302220793D222D3136352E30222077696474683D2233302E3022206865696768743D2233302E30222F3E0D0A2020202020203C2F62706D6E64693A42504D4E53686170653E0D0A2020202020203C62706D6E64693A42504D4E53686170652069643D2273686170652D65363661643334642D303462652D346634622D396464372D393563653165333938656537222062706D6E456C656D656E743D227369642D30326463313635632D663666612D343039302D386239612D366538623436373233646261223E0D0A20202020202020203C6F6D6764633A426F756E647320783D222D3131322E352220793D222D38352E30222077696474683D223130352E3022206865696768743D2238302E30222F3E0D0A2020202020203C2F62706D6E64693A42504D4E53686170653E0D0A2020202020203C62706D6E64693A42504D4E456467652069643D22656467652D63373462326535392D613635342D343333372D383263652D313764666365306531353836222062706D6E456C656D656E743D227369642D61376438336339302D613533332D346334642D623165622D386363383231383133383565223E0D0A20202020202020203C6F6D6764693A776179706F696E7420783D222D36302E302220793D222D3133352E30222F3E0D0A20202020202020203C6F6D6764693A776179706F696E7420783D222D36302E302220793D222D38352E30222F3E0D0A2020202020203C2F62706D6E64693A42504D4E456467653E0D0A2020202020203C62706D6E64693A42504D4E53686170652069643D2273686170652D31323232316539352D336539612D343462332D383061302D653366653135623534613430222062706D6E456C656D656E743D227369642D65303862613136622D653735372D343830362D383364302D356234333430333836663361223E0D0A20202020202020203C6F6D6764633A426F756E647320783D222D3131302E302220793D2236352E30222077696474683D223130302E3022206865696768743D2238302E30222F3E0D0A2020202020203C2F62706D6E64693A42504D4E53686170653E0D0A2020202020203C62706D6E64693A42504D4E456467652069643D22656467652D35626565613237642D313963632D343435622D393964652D313234373034376330626235222062706D6E456C656D656E743D227369642D39656562303863612D396564342D343361382D613131392D303634623239623631643233223E0D0A20202020202020203C6F6D6764693A776179706F696E7420783D222D36302E302220793D222D352E30222F3E0D0A20202020202020203C6F6D6764693A776179706F696E7420783D222D36302E302220793D2236352E30222F3E0D0A2020202020203C2F62706D6E64693A42504D4E456467653E0D0A2020202020203C62706D6E64693A42504D4E53686170652069643D2273686170652D39393838646134392D333365312D346165302D393661322D313534633065363935353061222062706D6E456C656D656E743D227369642D65303335303730642D316136642D343965322D393339302D383837663364623566353661223E0D0A20202020202020203C6F6D6764633A426F756E647320783D2237352E302220793D223137352E30222077696474683D223130302E3022206865696768743D2238302E30222F3E0D0A2020202020203C2F62706D6E64693A42504D4E53686170653E0D0A2020202020203C62706D6E64693A42504D4E53686170652069643D2273686170652D33373731313535332D616661302D346237302D626663632D653332616332646362333461222062706D6E456C656D656E743D227369642D64363466623536372D613039392D346361312D396261362D396134653764656631636530223E0D0A20202020202020203C6F6D6764633A426F756E647320783D222D38302E302220793D223139352E30222077696474683D2234302E3022206865696768743D2234302E30222F3E0D0A2020202020203C2F62706D6E64693A42504D4E53686170653E0D0A2020202020203C62706D6E64693A42504D4E456467652069643D22656467652D39633166383031622D326466632D346562332D393032612D646632356263316331306466222062706D6E456C656D656E743D227369642D32333837653933652D616236362D346239392D613663302D393363333730373039356161223E0D0A20202020202020203C6F6D6764693A776179706F696E7420783D222D36302E302220793D223134352E30222F3E0D0A20202020202020203C6F6D6764693A776179706F696E7420783D222D36302E302220793D223139352E30222F3E0D0A2020202020203C2F62706D6E64693A42504D4E456467653E0D0A2020202020203C62706D6E64693A42504D4E456467652069643D22656467652D37343363326234312D633463642D346237332D383431632D393032393034643565373231222062706D6E456C656D656E743D227369642D36303636353434362D373965302D343236392D386564342D373763306261656561343862223E0D0A20202020202020203C6F6D6764693A776179706F696E7420783D222D34302E302220793D223231352E30222F3E0D0A20202020202020203C6F6D6764693A776179706F696E7420783D2231372E352220793D223231352E30222F3E0D0A20202020202020203C6F6D6764693A776179706F696E7420783D2237352E302220793D223231352E30222F3E0D0A2020202020203C2F62706D6E64693A42504D4E456467653E0D0A2020202020203C62706D6E64693A42504D4E53686170652069643D2273686170652D35313537623633622D663934312D346139342D386530372D303966653937666361313562222062706D6E456C656D656E743D227369642D64366631613661652D653730342D343034642D613663362D323432363232663139376363223E0D0A20202020202020203C6F6D6764633A426F756E647320783D223136302E302220793D223334302E30222077696474683D2233302E3022206865696768743D2233302E30222F3E0D0A2020202020203C2F62706D6E64693A42504D4E53686170653E0D0A2020202020203C62706D6E64693A42504D4E456467652069643D22656467652D30616365373636342D376238622D343564622D626631662D633832373064306438656164222062706D6E456C656D656E743D227369642D66366563623165332D323066642D343761312D393434342D303037306531663131313332223E0D0A20202020202020203C6F6D6764693A776179706F696E7420783D222D36302E302220793D223233352E30222F3E0D0A20202020202020203C6F6D6764693A776179706F696E7420783D222D36322E352220793D223334302E30222F3E0D0A2020202020203C2F62706D6E64693A42504D4E456467653E0D0A2020202020203C62706D6E64693A42504D4E456467652069643D22656467652D66303337643537332D313238362D343736332D623136662D633133393433376166633461222062706D6E456C656D656E743D227369642D37356638313964302D616630322D346134332D386334352D323033376366326432663938223E0D0A20202020202020203C6F6D6764693A776179706F696E7420783D2237352E302220793D223233352E30222F3E0D0A20202020202020203C6F6D6764693A776179706F696E7420783D222D34352E302220793D223335352E30222F3E0D0A2020202020203C2F62706D6E64693A42504D4E456467653E0D0A2020202020203C62706D6E64693A42504D4E53686170652069643D2273686170652D36663832653437612D366536342D346534362D383763632D613737386563376163363936222062706D6E456C656D656E743D227369642D63323365306635322D396635632D343535342D623734382D646136363634356434643531223E0D0A20202020202020203C6F6D6764633A426F756E647320783D222D37302E302220793D223334302E30222077696474683D2233302E3022206865696768743D2233302E30222F3E0D0A2020202020203C2F62706D6E64693A42504D4E53686170653E0D0A2020202020203C62706D6E64693A42504D4E53686170652069643D2273686170652D31633930383765612D333262342D346461332D393339662D303535616534653666323165222062706D6E456C656D656E743D227369642D62353734613061332D383236322D343362302D393534652D333635663934353338613361223E0D0A20202020202020203C6F6D6764633A426F756E647320783D2235302E302220793D223334302E30222077696474683D2233302E3022206865696768743D2233302E30222F3E0D0A2020202020203C2F62706D6E64693A42504D4E53686170653E0D0A2020202020203C62706D6E64693A42504D4E456467652069643D22656467652D35653966383165322D626135312D346136642D626638392D653738616365383762653731222062706D6E456C656D656E743D227369642D61356535386562302D353438622D346366382D623164632D313133666266626136343639223E0D0A20202020202020203C6F6D6764693A776179706F696E7420783D222D34302E302220793D223335352E30222F3E0D0A20202020202020203C6F6D6764693A776179706F696E7420783D2235302E302220793D223335352E30222F3E0D0A2020202020203C2F62706D6E64693A42504D4E456467653E0D0A2020202020203C62706D6E64693A42504D4E456467652069643D22656467652D63646161666639312D653162632D343936312D623964352D396261616638333235653233222062706D6E456C656D656E743D227369642D33386632613939642D326439322D343865382D626161652D336438373663616337393932223E0D0A20202020202020203C6F6D6764693A776179706F696E7420783D2238302E302220793D223335352E30222F3E0D0A20202020202020203C6F6D6764693A776179706F696E7420783D223136302E302220793D223335352E30222F3E0D0A2020202020203C2F62706D6E64693A42504D4E456467653E0D0A2020202020203C62706D6E64693A42504D4E53686170652069643D2273686170652D64323061636364642D653264632D343463332D383335312D393435323965663338333161222062706D6E456C656D656E743D227369642D39313732306531352D396536642D343737632D383034352D373330303833653464333031223E0D0A20202020202020203C6F6D6764633A426F756E647320783D222D34352E302220793D223130352E30222077696474683D2233302E3022206865696768743D2233302E30222F3E0D0A2020202020203C2F62706D6E64693A42504D4E53686170653E0D0A2020202020203C62706D6E64693A42504D4E53686170652069643D2273686170652D33643230393162362D633135372D343731362D393730312D326432643262623262633336222062706D6E456C656D656E743D227369642D34346431316136652D373236322D343238632D393764622D643265643639396436333235223E0D0A20202020202020203C6F6D6764633A426F756E647320783D223131302E302220793D2238392E3939393939222077696474683D2233302E3022206865696768743D2233302E30222F3E0D0A2020202020203C2F62706D6E64693A42504D4E53686170653E0D0A2020202020203C62706D6E64693A42504D4E53686170652069643D2273686170652D39323733396561322D613030342D346331372D623861392D333539306665323338323737222062706D6E456C656D656E743D227369642D37336136376663642D326233372D343664372D613337652D636134623330383166326232223E0D0A20202020202020203C6F6D6764633A426F756E647320783D223133352E35303433382220793D223139392E36393439222077696474683D2233302E3022206865696768743D2233302E30222F3E0D0A2020202020203C2F62706D6E64693A42504D4E53686170653E0D0A2020202020203C62706D6E64693A42504D4E456467652069643D22656467652D35646630366664312D333431662D343935652D626535312D353535393065613939336131222062706D6E456C656D656E743D227369642D37613039356566382D646232632D346130382D613036352D343062343739306165373666223E0D0A20202020202020203C6F6D6764693A776179706F696E7420783D222D31352E302220793D223132302E30222F3E0D0A20202020202020203C6F6D6764693A776179706F696E7420783D223131302E302220793D223131322E3439393939222F3E0D0A2020202020203C2F62706D6E64693A42504D4E456467653E0D0A2020202020203C62706D6E64693A42504D4E456467652069643D22656467652D36336630613865372D356234302D343936312D623538352D643461396666626265393865222062706D6E456C656D656E743D227369642D64653135663130622D623630642D343964652D383237392D396365363764323063383937223E0D0A20202020202020203C6F6D6764693A776179706F696E7420783D223135302E35303433382220793D223139392E36393439222F3E0D0A20202020202020203C6F6D6764693A776179706F696E7420783D223133322E352220793D223131392E3939393939222F3E0D0A2020202020203C2F62706D6E64693A42504D4E456467653E0D0A202020203C2F62706D6E64693A42504D4E506C616E653E0D0A20203C2F62706D6E64693A42504D4E4469616772616D3E0D0A3C2F646566696E6974696F6E733E0D0A, 0);
INSERT INTO `act_ge_bytearray` VALUES ('db40fe05-8e9e-11ed-86ad-f20af69b3e23', 1, 'hist.var-activity', NULL, 0xACED000573720021636F6D2E6B796C652E61637469766974792E656E746974792E416374697669747900000000000000010200094C0009626567696E54696D657400124C6A6176612F6C616E672F537472696E673B4C000A63726561746554696D657400104C6A6176612F7574696C2F446174653B4C0007656E6454696D6571007E00014C0002696471007E00014C00046E616D6571007E00014C00057265736F6E71007E00014C0005737461746571007E00014C000A75706461746554696D6571007E00024C000675736572496471007E00017870740013323032332D30312D30312030303A30303A30307372000E6A6176612E7574696C2E44617465686A81014B59741903000078707708000001858CD1E8C878740013323032332D30312D30392030303A30303A30307400133136313137343436353531323232303236323574000AE7AFAEE79083E8B59B32740009E7AFAEE79083E8B59B740001307371007E00057708000001858CD1E8C87874000A32303139313331313031, NULL);
INSERT INTO `act_ge_bytearray` VALUES ('db40fe06-8e9e-11ed-86ad-f20af69b3e23', 1, 'hist.detail.var-activity', NULL, 0xACED000573720021636F6D2E6B796C652E61637469766974792E656E746974792E416374697669747900000000000000010200094C0009626567696E54696D657400124C6A6176612F6C616E672F537472696E673B4C000A63726561746554696D657400104C6A6176612F7574696C2F446174653B4C0007656E6454696D6571007E00014C0002696471007E00014C00046E616D6571007E00014C00057265736F6E71007E00014C0005737461746571007E00014C000A75706461746554696D6571007E00024C000675736572496471007E00017870740013323032332D30312D30312030303A30303A30307372000E6A6176612E7574696C2E44617465686A81014B59741903000078707708000001858CD1E8C878740013323032332D30312D30392030303A30303A30307400133136313137343436353531323232303236323574000AE7AFAEE79083E8B59B32740009E7AFAEE79083E8B59B740001307371007E00057708000001858CD1E8C87874000A32303139313331313031, NULL);
INSERT INTO `act_ge_bytearray` VALUES ('dfe8690d-8de9-11ed-bbac-f20af69b3e23', 1, 'hist.var-activity', NULL, 0xACED000573720021636F6D2E6B796C652E61637469766974792E656E746974792E4163746976697479000000000000000102000B4C0009626567696E54696D657400124C6A6176612F6C616E672F537472696E673B4C000A63726561746554696D657400104C6A6176612F7574696C2F446174653B4C0007656E6454696D6571007E00014C0002696471007E00014C00046E616D6571007E00014C000E6F7267616E697A6174696F6E496471007E00014C00057265736F6E71007E00014C0005737461746571007E00014C000A75706461746554696D6571007E00024C000675736572496471007E00014C000776656E7565496471007E00017870740013323032332D30312D30372030303A30303A30307372000E6A6176612E7574696C2E44617465686A81014B5974190300007870770800000185882FD41078740013323032332D30312D30372030383A30303A30307400133136313134313836323731323031353235373874000DE6B4BBE58AA8E794B3E8AFB731740005313030303174000CE68993E7AFAEE79083E8B59B740001317371007E0005770800000185882FD410787400013274000131, NULL);
INSERT INTO `act_ge_bytearray` VALUES ('dfe8690e-8de9-11ed-bbac-f20af69b3e23', 1, 'hist.detail.var-activity', NULL, 0xACED000573720021636F6D2E6B796C652E61637469766974792E656E746974792E4163746976697479000000000000000102000B4C0009626567696E54696D657400124C6A6176612F6C616E672F537472696E673B4C000A63726561746554696D657400104C6A6176612F7574696C2F446174653B4C0007656E6454696D6571007E00014C0002696471007E00014C00046E616D6571007E00014C000E6F7267616E697A6174696F6E496471007E00014C00057265736F6E71007E00014C0005737461746571007E00014C000A75706461746554696D6571007E00024C000675736572496471007E00014C000776656E7565496471007E00017870740013323032332D30312D30372030303A30303A30307372000E6A6176612E7574696C2E44617465686A81014B5974190300007870770800000185882FD41078740013323032332D30312D30372030383A30303A30307400133136313134313836323731323031353235373874000DE6B4BBE58AA8E794B3E8AFB731740005313030303174000CE68993E7AFAEE79083E8B59B740001317371007E0005770800000185882FD410787400013274000131, NULL);
INSERT INTO `act_ge_bytearray` VALUES ('e4e5fdd5-8ea1-11ed-8742-f20af69b3e23', 1, 'hist.var-activity', NULL, 0xACED000573720021636F6D2E6B796C652E61637469766974792E656E746974792E416374697669747900000000000000010200094C0009626567696E54696D657400124C6A6176612F6C616E672F537472696E673B4C000A63726561746554696D657400104C6A6176612F7574696C2F446174653B4C0007656E6454696D6571007E00014C0002696471007E00014C00046E616D6571007E00014C00057265736F6E71007E00014C0005737461746571007E00014C000A75706461746554696D6571007E00024C000675736572496471007E00017870740013323032332D30312D30392030303A30303A30307372000E6A6176612E7574696C2E44617465686A81014B59741903000078707708000001858CE5D27078740013323032332D30312D31302030303A30303A30307400133136313137353031323735393431353139333874000AE7AFAEE79083E8B59B32740009E7AFAEE79083E8B59B740001307371007E00057708000001858CE5D2707874000A32303139313331313031, NULL);
INSERT INTO `act_ge_bytearray` VALUES ('e4e5fdd6-8ea1-11ed-8742-f20af69b3e23', 1, 'hist.detail.var-activity', NULL, 0xACED000573720021636F6D2E6B796C652E61637469766974792E656E746974792E416374697669747900000000000000010200094C0009626567696E54696D657400124C6A6176612F6C616E672F537472696E673B4C000A63726561746554696D657400104C6A6176612F7574696C2F446174653B4C0007656E6454696D6571007E00014C0002696471007E00014C00046E616D6571007E00014C00057265736F6E71007E00014C0005737461746571007E00014C000A75706461746554696D6571007E00024C000675736572496471007E00017870740013323032332D30312D30392030303A30303A30307372000E6A6176612E7574696C2E44617465686A81014B59741903000078707708000001858CE5D27078740013323032332D30312D31302030303A30303A30307400133136313137353031323735393431353139333874000AE7AFAEE79083E8B59B32740009E7AFAEE79083E8B59B740001307371007E00057708000001858CE5D2707874000A32303139313331313031, NULL);

-- ----------------------------
-- Table structure for act_ge_property
-- ----------------------------
DROP TABLE IF EXISTS `act_ge_property`;
CREATE TABLE `act_ge_property`  (
  `NAME_` varchar(64) CHARACTER SET utf8 COLLATE utf8_bin NOT NULL,
  `VALUE_` varchar(300) CHARACTER SET utf8 COLLATE utf8_bin NULL DEFAULT NULL,
  `REV_` int(0) NULL DEFAULT NULL,
  PRIMARY KEY (`NAME_`) USING BTREE
) ENGINE = InnoDB CHARACTER SET = utf8 COLLATE = utf8_bin ROW_FORMAT = Dynamic;

-- ----------------------------
-- Records of act_ge_property
-- ----------------------------
INSERT INTO `act_ge_property` VALUES ('cfg.execution-related-entities-count', 'false', 1);
INSERT INTO `act_ge_property` VALUES ('next.dbid', '1', 1);
INSERT INTO `act_ge_property` VALUES ('schema.history', 'create(7.0.0.0)', 1);
INSERT INTO `act_ge_property` VALUES ('schema.version', '7.0.0.0', 1);

-- ----------------------------
-- Table structure for act_hi_actinst
-- ----------------------------
DROP TABLE IF EXISTS `act_hi_actinst`;
CREATE TABLE `act_hi_actinst`  (
  `ID_` varchar(64) CHARACTER SET utf8 COLLATE utf8_bin NOT NULL,
  `PROC_DEF_ID_` varchar(64) CHARACTER SET utf8 COLLATE utf8_bin NOT NULL,
  `PROC_INST_ID_` varchar(64) CHARACTER SET utf8 COLLATE utf8_bin NOT NULL,
  `EXECUTION_ID_` varchar(64) CHARACTER SET utf8 COLLATE utf8_bin NOT NULL,
  `ACT_ID_` varchar(255) CHARACTER SET utf8 COLLATE utf8_bin NOT NULL,
  `TASK_ID_` varchar(64) CHARACTER SET utf8 COLLATE utf8_bin NULL DEFAULT NULL,
  `CALL_PROC_INST_ID_` varchar(64) CHARACTER SET utf8 COLLATE utf8_bin NULL DEFAULT NULL,
  `ACT_NAME_` varchar(255) CHARACTER SET utf8 COLLATE utf8_bin NULL DEFAULT NULL,
  `ACT_TYPE_` varchar(255) CHARACTER SET utf8 COLLATE utf8_bin NOT NULL,
  `ASSIGNEE_` varchar(255) CHARACTER SET utf8 COLLATE utf8_bin NULL DEFAULT NULL,
  `START_TIME_` datetime(3) NOT NULL,
  `END_TIME_` datetime(3) NULL DEFAULT NULL,
  `DURATION_` bigint(0) NULL DEFAULT NULL,
  `DELETE_REASON_` varchar(4000) CHARACTER SET utf8 COLLATE utf8_bin NULL DEFAULT NULL,
  `TENANT_ID_` varchar(255) CHARACTER SET utf8 COLLATE utf8_bin NULL DEFAULT '',
  PRIMARY KEY (`ID_`) USING BTREE,
  INDEX `ACT_IDX_HI_ACT_INST_START`(`START_TIME_`) USING BTREE,
  INDEX `ACT_IDX_HI_ACT_INST_END`(`END_TIME_`) USING BTREE,
  INDEX `ACT_IDX_HI_ACT_INST_PROCINST`(`PROC_INST_ID_`, `ACT_ID_`) USING BTREE,
  INDEX `ACT_IDX_HI_ACT_INST_EXEC`(`EXECUTION_ID_`, `ACT_ID_`) USING BTREE
) ENGINE = InnoDB CHARACTER SET = utf8 COLLATE = utf8_bin ROW_FORMAT = Dynamic;

-- ----------------------------
-- Records of act_hi_actinst
-- ----------------------------
INSERT INTO `act_hi_actinst` VALUES ('274ba55b-bf49-11ed-b027-f20af69b3e23', 'activity:1:9f351e10-bf3a-11ed-ab8b-f20af69b3e23', '274a6cc1-bf49-11ed-b027-f20af69b3e23', '274b573a-bf49-11ed-b027-f20af69b3e23', 'sid-82f16d91-fa6c-431e-bfb7-f2377cb2fedc', NULL, NULL, '开始', 'startEvent', NULL, '2023-03-10 21:40:43.114', '2023-03-10 21:40:43.115', 1, NULL, '');
INSERT INTO `act_hi_actinst` VALUES ('274c1a8c-bf49-11ed-b027-f20af69b3e23', 'activity:1:9f351e10-bf3a-11ed-ab8b-f20af69b3e23', '274a6cc1-bf49-11ed-b027-f20af69b3e23', '274b573a-bf49-11ed-b027-f20af69b3e23', 'sid-02dc165c-f6fa-4090-8b9a-6e8b46723dba', '274da12d-bf49-11ed-b027-f20af69b3e23', NULL, '创建活动申请', 'userTask', '2019131101', '2023-03-10 21:40:43.117', '2023-03-10 21:40:43.189', 72, NULL, '');
INSERT INTO `act_hi_actinst` VALUES ('27571710-bf49-11ed-b027-f20af69b3e23', 'activity:1:9f351e10-bf3a-11ed-ab8b-f20af69b3e23', '274a6cc1-bf49-11ed-b027-f20af69b3e23', '274b573a-bf49-11ed-b027-f20af69b3e23', 'sid-e08ba16b-e757-4806-83d0-5b4340386f3a', '275876a3-bf49-11ed-b027-f20af69b3e23', NULL, '一级审核', 'userTask', '1610753781743542273', '2023-03-10 21:40:43.189', '2023-03-11 22:40:59.243', 90016054, 'boundary event (sid-91720e15-9e6d-477c-8045-730083e4d301)', '');
INSERT INTO `act_hi_actinst` VALUES ('47373cc0-8e9f-11ed-86ad-f20af69b3e23', 'activity:1:6cb6007d-8e9d-11ed-846f-f20af69b3e23', 'db403ab0-8e9e-11ed-86ad-f20af69b3e23', 'db40fe14-8e9e-11ed-86ad-f20af69b3e23', 'sid-d64fb567-a099-4ca1-9ba6-9a4e7def1ce0', NULL, NULL, NULL, 'exclusiveGateway', NULL, '2023-01-07 23:23:46.410', '2023-01-07 23:23:46.418', 8, NULL, '');
INSERT INTO `act_hi_actinst` VALUES ('47389c51-8e9f-11ed-86ad-f20af69b3e23', 'activity:1:6cb6007d-8e9d-11ed-846f-f20af69b3e23', 'db403ab0-8e9e-11ed-86ad-f20af69b3e23', 'db40fe14-8e9e-11ed-86ad-f20af69b3e23', 'sid-e035070d-1a6d-49e2-9390-887f3db5f56a', '47389c52-8e9f-11ed-86ad-f20af69b3e23', NULL, '二级审核', 'userTask', '1610754019262783490', '2023-01-07 23:23:46.419', '2023-01-07 23:25:13.070', 86651, NULL, '');
INSERT INTO `act_hi_actinst` VALUES ('503c6f5e-8ea1-11ed-8742-f20af69b3e23', 'activity:1:6cb6007d-8e9d-11ed-846f-f20af69b3e23', '503b5dd9-8ea1-11ed-8742-f20af69b3e23', '503c213d-8ea1-11ed-8742-f20af69b3e23', 'sid-82f16d91-fa6c-431e-bfb7-f2377cb2fedc', NULL, NULL, '开始', 'startEvent', NULL, '2023-01-07 23:38:20.537', '2023-01-07 23:38:20.538', 1, NULL, '');
INSERT INTO `act_hi_actinst` VALUES ('503ce48f-8ea1-11ed-8742-f20af69b3e23', 'activity:1:6cb6007d-8e9d-11ed-846f-f20af69b3e23', '503b5dd9-8ea1-11ed-8742-f20af69b3e23', '503c213d-8ea1-11ed-8742-f20af69b3e23', 'sid-02dc165c-f6fa-4090-8b9a-6e8b46723dba', '503e1d10-8ea1-11ed-8742-f20af69b3e23', NULL, '创建活动申请', 'userTask', '2019131101', '2023-01-07 23:38:20.540', '2023-01-07 23:38:20.626', 86, NULL, '');
INSERT INTO `act_hi_actinst` VALUES ('504a03f3-8ea1-11ed-8742-f20af69b3e23', 'activity:1:6cb6007d-8e9d-11ed-846f-f20af69b3e23', '503b5dd9-8ea1-11ed-8742-f20af69b3e23', '503c213d-8ea1-11ed-8742-f20af69b3e23', 'sid-e08ba16b-e757-4806-83d0-5b4340386f3a', '504a2b04-8ea1-11ed-8742-f20af69b3e23', NULL, '一级审核', 'userTask', '1610753781743542273', '2023-01-07 23:38:20.626', '2023-01-07 23:39:25.195', 64569, NULL, '');
INSERT INTO `act_hi_actinst` VALUES ('50a8c0a4-8def-11ed-bbc4-f20af69b3e23', 'activity:1:d3b5857b-8de1-11ed-8fc3-f20af69b3e23', '65e088d4-8dee-11ed-bbc4-f20af69b3e23', '65e0fe12-8dee-11ed-bbc4-f20af69b3e23', 'sid-d6f1a6ae-e704-404d-a6c6-242622f197cc', NULL, NULL, '结束', 'endEvent', NULL, '2023-01-07 02:24:10.829', '2023-01-07 02:24:10.830', 1, NULL, '');
INSERT INTO `act_hi_actinst` VALUES ('5faa5d18-8ea2-11ed-8742-f20af69b3e23', 'activity:1:6cb6007d-8e9d-11ed-846f-f20af69b3e23', '5faa5d02-8ea2-11ed-8742-f20af69b3e23', '5faa5d17-8ea2-11ed-8742-f20af69b3e23', 'sid-82f16d91-fa6c-431e-bfb7-f2377cb2fedc', NULL, NULL, '开始', 'startEvent', NULL, '2023-01-07 23:45:55.920', '2023-01-07 23:45:55.920', 0, NULL, '');
INSERT INTO `act_hi_actinst` VALUES ('5faa5d19-8ea2-11ed-8742-f20af69b3e23', 'activity:1:6cb6007d-8e9d-11ed-846f-f20af69b3e23', '5faa5d02-8ea2-11ed-8742-f20af69b3e23', '5faa5d17-8ea2-11ed-8742-f20af69b3e23', 'sid-02dc165c-f6fa-4090-8b9a-6e8b46723dba', '5faa5d1a-8ea2-11ed-8742-f20af69b3e23', NULL, '创建活动申请', 'userTask', '2019131101', '2023-01-07 23:45:55.920', '2023-01-07 23:45:55.941', 21, NULL, '');
INSERT INTO `act_hi_actinst` VALUES ('5fadb87c-8ea2-11ed-8742-f20af69b3e23', 'activity:1:6cb6007d-8e9d-11ed-846f-f20af69b3e23', '5faa5d02-8ea2-11ed-8742-f20af69b3e23', '5faa5d17-8ea2-11ed-8742-f20af69b3e23', 'sid-e08ba16b-e757-4806-83d0-5b4340386f3a', '5fadb87d-8ea2-11ed-8742-f20af69b3e23', NULL, '一级审核', 'userTask', '1610753781743542273', '2023-01-07 23:45:55.942', '2023-01-07 23:46:17.320', 21378, NULL, '');
INSERT INTO `act_hi_actinst` VALUES ('65e0fe13-8dee-11ed-bbc4-f20af69b3e23', 'activity:1:d3b5857b-8de1-11ed-8fc3-f20af69b3e23', '65e088d4-8dee-11ed-bbc4-f20af69b3e23', '65e0fe12-8dee-11ed-bbc4-f20af69b3e23', 'sid-82f16d91-fa6c-431e-bfb7-f2377cb2fedc', NULL, NULL, '开始', 'startEvent', NULL, '2023-01-07 02:17:36.933', '2023-01-07 02:17:36.933', 0, NULL, '');
INSERT INTO `act_hi_actinst` VALUES ('65e0fe14-8dee-11ed-bbc4-f20af69b3e23', 'activity:1:d3b5857b-8de1-11ed-8fc3-f20af69b3e23', '65e088d4-8dee-11ed-bbc4-f20af69b3e23', '65e0fe12-8dee-11ed-bbc4-f20af69b3e23', 'sid-02dc165c-f6fa-4090-8b9a-6e8b46723dba', '65e12525-8dee-11ed-bbc4-f20af69b3e23', NULL, '创建活动申请', 'userTask', '2019131101', '2023-01-07 02:17:36.933', '2023-01-07 02:17:36.968', 35, NULL, '');
INSERT INTO `act_hi_actinst` VALUES ('65e65548-8dee-11ed-bbc4-f20af69b3e23', 'activity:1:d3b5857b-8de1-11ed-8fc3-f20af69b3e23', '65e088d4-8dee-11ed-bbc4-f20af69b3e23', '65e0fe12-8dee-11ed-bbc4-f20af69b3e23', 'sid-e08ba16b-e757-4806-83d0-5b4340386f3a', '65e65549-8dee-11ed-bbc4-f20af69b3e23', NULL, '一级审核', 'userTask', '1610753781743542273', '2023-01-07 02:17:36.968', '2023-01-07 02:20:47.918', 190950, NULL, '');
INSERT INTO `act_hi_actinst` VALUES ('6c6be5b2-8ea2-11ed-8742-f20af69b3e23', 'activity:1:6cb6007d-8e9d-11ed-846f-f20af69b3e23', '5faa5d02-8ea2-11ed-8742-f20af69b3e23', '5faa5d17-8ea2-11ed-8742-f20af69b3e23', 'sid-d64fb567-a099-4ca1-9ba6-9a4e7def1ce0', NULL, NULL, NULL, 'exclusiveGateway', NULL, '2023-01-07 23:46:17.321', '2023-01-07 23:46:17.322', 1, NULL, '');
INSERT INTO `act_hi_actinst` VALUES ('6c6c0cc3-8ea2-11ed-8742-f20af69b3e23', 'activity:1:6cb6007d-8e9d-11ed-846f-f20af69b3e23', '5faa5d02-8ea2-11ed-8742-f20af69b3e23', '5faa5d17-8ea2-11ed-8742-f20af69b3e23', 'sid-d6f1a6ae-e704-404d-a6c6-242622f197cc', NULL, NULL, '结束', 'endEvent', NULL, '2023-01-07 23:46:17.322', '2023-01-07 23:46:17.322', 0, NULL, '');
INSERT INTO `act_hi_actinst` VALUES ('76c69d99-8ea1-11ed-8742-f20af69b3e23', 'activity:1:6cb6007d-8e9d-11ed-846f-f20af69b3e23', '503b5dd9-8ea1-11ed-8742-f20af69b3e23', '503c213d-8ea1-11ed-8742-f20af69b3e23', 'sid-d64fb567-a099-4ca1-9ba6-9a4e7def1ce0', NULL, NULL, NULL, 'exclusiveGateway', NULL, '2023-01-07 23:39:25.196', '2023-01-07 23:39:25.203', 7, NULL, '');
INSERT INTO `act_hi_actinst` VALUES ('76c7d61a-8ea1-11ed-8742-f20af69b3e23', 'activity:1:6cb6007d-8e9d-11ed-846f-f20af69b3e23', '503b5dd9-8ea1-11ed-8742-f20af69b3e23', '503c213d-8ea1-11ed-8742-f20af69b3e23', 'sid-e035070d-1a6d-49e2-9390-887f3db5f56a', '76c7d61b-8ea1-11ed-8742-f20af69b3e23', NULL, '二级审核', 'userTask', '1610754019262783490', '2023-01-07 23:39:25.204', '2023-01-07 23:40:14.434', 49230, NULL, '');
INSERT INTO `act_hi_actinst` VALUES ('7ade8106-8e9f-11ed-86ad-f20af69b3e23', 'activity:1:6cb6007d-8e9d-11ed-846f-f20af69b3e23', 'db403ab0-8e9e-11ed-86ad-f20af69b3e23', 'db40fe14-8e9e-11ed-86ad-f20af69b3e23', 'sid-d6f1a6ae-e704-404d-a6c6-242622f197cc', NULL, NULL, '结束', 'endEvent', NULL, '2023-01-07 23:25:13.070', '2023-01-07 23:25:13.071', 1, NULL, '');
INSERT INTO `act_hi_actinst` VALUES ('941fbcff-8ea1-11ed-8742-f20af69b3e23', 'activity:1:6cb6007d-8e9d-11ed-846f-f20af69b3e23', '503b5dd9-8ea1-11ed-8742-f20af69b3e23', '503c213d-8ea1-11ed-8742-f20af69b3e23', 'sid-d6f1a6ae-e704-404d-a6c6-242622f197cc', NULL, NULL, '结束', 'endEvent', NULL, '2023-01-07 23:40:14.434', '2023-01-07 23:40:14.435', 1, NULL, '');
INSERT INTO `act_hi_actinst` VALUES ('b82f2942-8dec-11ed-bbc4-f20af69b3e23', 'activity:1:d3b5857b-8de1-11ed-8fc3-f20af69b3e23', 'dfe7a5b8-8de9-11ed-bbac-f20af69b3e23', 'dfe86916-8de9-11ed-bbac-f20af69b3e23', 'sid-d64fb567-a099-4ca1-9ba6-9a4e7def1ce0', NULL, NULL, NULL, 'exclusiveGateway', NULL, '2023-01-07 02:05:36.025', '2023-01-07 02:05:36.041', 16, NULL, '');
INSERT INTO `act_hi_actinst` VALUES ('b831c153-8dec-11ed-bbc4-f20af69b3e23', 'activity:1:d3b5857b-8de1-11ed-8fc3-f20af69b3e23', 'dfe7a5b8-8de9-11ed-bbac-f20af69b3e23', 'dfe86916-8de9-11ed-bbac-f20af69b3e23', 'sid-d6f1a6ae-e704-404d-a6c6-242622f197cc', NULL, NULL, '结束', 'endEvent', NULL, '2023-01-07 02:05:36.042', '2023-01-07 02:05:36.044', 2, NULL, '');
INSERT INTO `act_hi_actinst` VALUES ('bd16bd29-c01a-11ed-b242-f20af69b3e23', 'activity:1:9f351e10-bf3a-11ed-ab8b-f20af69b3e23', '274a6cc1-bf49-11ed-b027-f20af69b3e23', '27571711-bf49-11ed-b027-f20af69b3e23', 'sid-91720e15-9e6d-477c-8045-730083e4d301', NULL, NULL, NULL, 'boundaryEvent', NULL, '2023-03-11 22:40:59.242', '2023-03-11 22:40:59.248', 6, NULL, '');
INSERT INTO `act_hi_actinst` VALUES ('bd2981da-c01a-11ed-b242-f20af69b3e23', 'activity:1:9f351e10-bf3a-11ed-ab8b-f20af69b3e23', '274a6cc1-bf49-11ed-b027-f20af69b3e23', '27571711-bf49-11ed-b027-f20af69b3e23', 'sid-44d11a6e-7262-428c-97db-d2ed699d6325', NULL, NULL, NULL, 'endEvent', NULL, '2023-03-11 22:40:59.365', '2023-03-11 22:40:59.366', 1, NULL, '');
INSERT INTO `act_hi_actinst` VALUES ('d7b6fdae-8dee-11ed-bbc4-f20af69b3e23', 'activity:1:d3b5857b-8de1-11ed-8fc3-f20af69b3e23', '65e088d4-8dee-11ed-bbc4-f20af69b3e23', '65e0fe12-8dee-11ed-bbc4-f20af69b3e23', 'sid-d64fb567-a099-4ca1-9ba6-9a4e7def1ce0', NULL, NULL, NULL, 'exclusiveGateway', NULL, '2023-01-07 02:20:47.918', '2023-01-07 02:20:47.920', 2, NULL, '');
INSERT INTO `act_hi_actinst` VALUES ('d7b74bcf-8dee-11ed-bbc4-f20af69b3e23', 'activity:1:d3b5857b-8de1-11ed-8fc3-f20af69b3e23', '65e088d4-8dee-11ed-bbc4-f20af69b3e23', '65e0fe12-8dee-11ed-bbc4-f20af69b3e23', 'sid-e035070d-1a6d-49e2-9390-887f3db5f56a', 'd7b74bd0-8dee-11ed-bbc4-f20af69b3e23', NULL, '二级审核', 'userTask', '1610754019262783490', '2023-01-07 02:20:47.920', '2023-01-07 02:24:10.829', 202909, NULL, '');
INSERT INTO `act_hi_actinst` VALUES ('db414c35-8e9e-11ed-86ad-f20af69b3e23', 'activity:1:6cb6007d-8e9d-11ed-846f-f20af69b3e23', 'db403ab0-8e9e-11ed-86ad-f20af69b3e23', 'db40fe14-8e9e-11ed-86ad-f20af69b3e23', 'sid-82f16d91-fa6c-431e-bfb7-f2377cb2fedc', NULL, NULL, '开始', 'startEvent', NULL, '2023-01-07 23:20:45.282', '2023-01-07 23:20:45.283', 1, NULL, '');
INSERT INTO `act_hi_actinst` VALUES ('db41c166-8e9e-11ed-86ad-f20af69b3e23', 'activity:1:6cb6007d-8e9d-11ed-846f-f20af69b3e23', 'db403ab0-8e9e-11ed-86ad-f20af69b3e23', 'db40fe14-8e9e-11ed-86ad-f20af69b3e23', 'sid-02dc165c-f6fa-4090-8b9a-6e8b46723dba', 'db42f9e7-8e9e-11ed-86ad-f20af69b3e23', NULL, '创建活动申请', 'userTask', '2019131101', '2023-01-07 23:20:45.285', '2023-01-07 23:20:45.385', 100, NULL, '');
INSERT INTO `act_hi_actinst` VALUES ('db5103aa-8e9e-11ed-86ad-f20af69b3e23', 'activity:1:6cb6007d-8e9d-11ed-846f-f20af69b3e23', 'db403ab0-8e9e-11ed-86ad-f20af69b3e23', 'db40fe14-8e9e-11ed-86ad-f20af69b3e23', 'sid-e08ba16b-e757-4806-83d0-5b4340386f3a', 'db5103ab-8e9e-11ed-86ad-f20af69b3e23', NULL, '一级审核', 'userTask', '1610753781743542273', '2023-01-07 23:20:45.385', '2023-01-07 23:23:46.410', 181025, NULL, '');
INSERT INTO `act_hi_actinst` VALUES ('dfe8b737-8de9-11ed-bbac-f20af69b3e23', 'activity:1:d3b5857b-8de1-11ed-8fc3-f20af69b3e23', 'dfe7a5b8-8de9-11ed-bbac-f20af69b3e23', 'dfe86916-8de9-11ed-bbac-f20af69b3e23', 'sid-82f16d91-fa6c-431e-bfb7-f2377cb2fedc', NULL, NULL, '开始', 'startEvent', NULL, '2023-01-07 01:45:14.182', '2023-01-07 01:45:14.184', 2, NULL, '');
INSERT INTO `act_hi_actinst` VALUES ('dfe95378-8de9-11ed-bbac-f20af69b3e23', 'activity:1:d3b5857b-8de1-11ed-8fc3-f20af69b3e23', 'dfe7a5b8-8de9-11ed-bbac-f20af69b3e23', 'dfe86916-8de9-11ed-bbac-f20af69b3e23', 'sid-02dc165c-f6fa-4090-8b9a-6e8b46723dba', 'dfea8bf9-8de9-11ed-bbac-f20af69b3e23', NULL, '创建活动申请', 'userTask', '2', '2023-01-07 01:45:14.186', '2023-01-07 01:45:14.268', 82, NULL, '');
INSERT INTO `act_hi_actinst` VALUES ('dff5d69c-8de9-11ed-bbac-f20af69b3e23', 'activity:1:d3b5857b-8de1-11ed-8fc3-f20af69b3e23', 'dfe7a5b8-8de9-11ed-bbac-f20af69b3e23', 'dfe86916-8de9-11ed-bbac-f20af69b3e23', 'sid-e08ba16b-e757-4806-83d0-5b4340386f3a', 'dff5d69d-8de9-11ed-bbac-f20af69b3e23', NULL, '一级审核', 'userTask', '1610753781743542273', '2023-01-07 01:45:14.268', '2023-01-07 02:05:36.022', 1221754, NULL, '');
INSERT INTO `act_hi_actinst` VALUES ('e4e5fde5-8ea1-11ed-8742-f20af69b3e23', 'activity:1:6cb6007d-8e9d-11ed-846f-f20af69b3e23', 'e4e5d6c0-8ea1-11ed-8742-f20af69b3e23', 'e4e5fde4-8ea1-11ed-8742-f20af69b3e23', 'sid-82f16d91-fa6c-431e-bfb7-f2377cb2fedc', NULL, NULL, '开始', 'startEvent', NULL, '2023-01-07 23:42:29.951', '2023-01-07 23:42:29.951', 0, NULL, '');
INSERT INTO `act_hi_actinst` VALUES ('e4e5fde6-8ea1-11ed-8742-f20af69b3e23', 'activity:1:6cb6007d-8e9d-11ed-846f-f20af69b3e23', 'e4e5d6c0-8ea1-11ed-8742-f20af69b3e23', 'e4e5fde4-8ea1-11ed-8742-f20af69b3e23', 'sid-02dc165c-f6fa-4090-8b9a-6e8b46723dba', 'e4e5fde7-8ea1-11ed-8742-f20af69b3e23', NULL, '创建活动申请', 'userTask', '2019131101', '2023-01-07 23:42:29.951', '2023-01-07 23:42:29.988', 37, NULL, '');
INSERT INTO `act_hi_actinst` VALUES ('e4eba33a-8ea1-11ed-8742-f20af69b3e23', 'activity:1:6cb6007d-8e9d-11ed-846f-f20af69b3e23', 'e4e5d6c0-8ea1-11ed-8742-f20af69b3e23', 'e4e5fde4-8ea1-11ed-8742-f20af69b3e23', 'sid-e08ba16b-e757-4806-83d0-5b4340386f3a', 'e4eba33b-8ea1-11ed-8742-f20af69b3e23', NULL, '一级审核', 'userTask', '1610753781743542273', '2023-01-07 23:42:29.988', '2023-01-07 23:43:09.819', 39831, NULL, '');
INSERT INTO `act_hi_actinst` VALUES ('fca95cb0-8ea1-11ed-8742-f20af69b3e23', 'activity:1:6cb6007d-8e9d-11ed-846f-f20af69b3e23', 'e4e5d6c0-8ea1-11ed-8742-f20af69b3e23', 'e4e5fde4-8ea1-11ed-8742-f20af69b3e23', 'sid-d64fb567-a099-4ca1-9ba6-9a4e7def1ce0', NULL, NULL, NULL, 'exclusiveGateway', NULL, '2023-01-07 23:43:09.819', '2023-01-07 23:43:09.820', 1, NULL, '');
INSERT INTO `act_hi_actinst` VALUES ('fca9aad1-8ea1-11ed-8742-f20af69b3e23', 'activity:1:6cb6007d-8e9d-11ed-846f-f20af69b3e23', 'e4e5d6c0-8ea1-11ed-8742-f20af69b3e23', 'e4e5fde4-8ea1-11ed-8742-f20af69b3e23', 'sid-d6f1a6ae-e704-404d-a6c6-242622f197cc', NULL, NULL, '结束', 'endEvent', NULL, '2023-01-07 23:43:09.821', '2023-01-07 23:43:09.821', 0, NULL, '');

-- ----------------------------
-- Table structure for act_hi_attachment
-- ----------------------------
DROP TABLE IF EXISTS `act_hi_attachment`;
CREATE TABLE `act_hi_attachment`  (
  `ID_` varchar(64) CHARACTER SET utf8 COLLATE utf8_bin NOT NULL,
  `REV_` int(0) NULL DEFAULT NULL,
  `USER_ID_` varchar(255) CHARACTER SET utf8 COLLATE utf8_bin NULL DEFAULT NULL,
  `NAME_` varchar(255) CHARACTER SET utf8 COLLATE utf8_bin NULL DEFAULT NULL,
  `DESCRIPTION_` varchar(4000) CHARACTER SET utf8 COLLATE utf8_bin NULL DEFAULT NULL,
  `TYPE_` varchar(255) CHARACTER SET utf8 COLLATE utf8_bin NULL DEFAULT NULL,
  `TASK_ID_` varchar(64) CHARACTER SET utf8 COLLATE utf8_bin NULL DEFAULT NULL,
  `PROC_INST_ID_` varchar(64) CHARACTER SET utf8 COLLATE utf8_bin NULL DEFAULT NULL,
  `URL_` varchar(4000) CHARACTER SET utf8 COLLATE utf8_bin NULL DEFAULT NULL,
  `CONTENT_ID_` varchar(64) CHARACTER SET utf8 COLLATE utf8_bin NULL DEFAULT NULL,
  `TIME_` datetime(3) NULL DEFAULT NULL,
  PRIMARY KEY (`ID_`) USING BTREE
) ENGINE = InnoDB CHARACTER SET = utf8 COLLATE = utf8_bin ROW_FORMAT = Dynamic;

-- ----------------------------
-- Table structure for act_hi_comment
-- ----------------------------
DROP TABLE IF EXISTS `act_hi_comment`;
CREATE TABLE `act_hi_comment`  (
  `ID_` varchar(64) CHARACTER SET utf8 COLLATE utf8_bin NOT NULL,
  `TYPE_` varchar(255) CHARACTER SET utf8 COLLATE utf8_bin NULL DEFAULT NULL,
  `TIME_` datetime(3) NOT NULL,
  `USER_ID_` varchar(255) CHARACTER SET utf8 COLLATE utf8_bin NULL DEFAULT NULL,
  `TASK_ID_` varchar(64) CHARACTER SET utf8 COLLATE utf8_bin NULL DEFAULT NULL,
  `PROC_INST_ID_` varchar(64) CHARACTER SET utf8 COLLATE utf8_bin NULL DEFAULT NULL,
  `ACTION_` varchar(255) CHARACTER SET utf8 COLLATE utf8_bin NULL DEFAULT NULL,
  `MESSAGE_` varchar(4000) CHARACTER SET utf8 COLLATE utf8_bin NULL DEFAULT NULL,
  `FULL_MSG_` longblob NULL,
  PRIMARY KEY (`ID_`) USING BTREE
) ENGINE = InnoDB CHARACTER SET = utf8 COLLATE = utf8_bin ROW_FORMAT = Dynamic;

-- ----------------------------
-- Records of act_hi_comment
-- ----------------------------
INSERT INTO `act_hi_comment` VALUES ('2755695f-bf49-11ed-b027-f20af69b3e23', 'comment', '2023-03-10 21:40:43.178', '2019131101', '274da12d-bf49-11ed-b027-f20af69b3e23', '274a6cc1-bf49-11ed-b027-f20af69b3e23', 'AddComment', '同意', 0xE5908CE6848F);
INSERT INTO `act_hi_comment` VALUES ('4736043f-8e9f-11ed-86ad-f20af69b3e23', 'comment', '2023-01-07 23:23:46.402', '1610753781743542273', 'db5103ab-8e9e-11ed-86ad-f20af69b3e23', 'db403ab0-8e9e-11ed-86ad-f20af69b3e23', 'AddComment', '同意', 0xE5908CE6848F);
INSERT INTO `act_hi_comment` VALUES ('5047e112-8ea1-11ed-8742-f20af69b3e23', 'comment', '2023-01-07 23:38:20.612', '2019131101', '503e1d10-8ea1-11ed-8742-f20af69b3e23', '503b5dd9-8ea1-11ed-8742-f20af69b3e23', 'AddComment', '同意', 0xE5908CE6848F);
INSERT INTO `act_hi_comment` VALUES ('50a7fd53-8def-11ed-bbc4-f20af69b3e23', 'comment', '2023-01-07 02:24:10.824', '1610754019262783490', 'd7b74bd0-8dee-11ed-bbc4-f20af69b3e23', '65e088d4-8dee-11ed-bbc4-f20af69b3e23', 'AddComment', '同意', 0xE5908CE6848F);
INSERT INTO `act_hi_comment` VALUES ('5facf52b-8ea2-11ed-8742-f20af69b3e23', 'comment', '2023-01-07 23:45:55.937', '2019131101', '5faa5d1a-8ea2-11ed-8742-f20af69b3e23', '5faa5d02-8ea2-11ed-8742-f20af69b3e23', 'AddComment', '同意', 0xE5908CE6848F);
INSERT INTO `act_hi_comment` VALUES ('65e56ae7-8dee-11ed-bbc4-f20af69b3e23', 'comment', '2023-01-07 02:17:36.962', '2019131101', '65e12525-8dee-11ed-bbc4-f20af69b3e23', '65e088d4-8dee-11ed-bbc4-f20af69b3e23', 'AddComment', '同意', 0xE5908CE6848F);
INSERT INTO `act_hi_comment` VALUES ('6c6b2261-8ea2-11ed-8742-f20af69b3e23', 'comment', '2023-01-07 23:46:17.316', '1610753781743542273', '5fadb87d-8ea2-11ed-8742-f20af69b3e23', '5faa5d02-8ea2-11ed-8742-f20af69b3e23', 'AddComment', '同意', 0xE5908CE6848F);
INSERT INTO `act_hi_comment` VALUES ('76c56518-8ea1-11ed-8742-f20af69b3e23', 'comment', '2023-01-07 23:39:25.188', '1610753781743542273', '504a2b04-8ea1-11ed-8742-f20af69b3e23', '503b5dd9-8ea1-11ed-8742-f20af69b3e23', 'AddComment', '同意', 0xE5908CE6848F);
INSERT INTO `act_hi_comment` VALUES ('7add2175-8e9f-11ed-86ad-f20af69b3e23', 'comment', '2023-01-07 23:25:13.061', '1610754019262783490', '47389c52-8e9f-11ed-86ad-f20af69b3e23', 'db403ab0-8e9e-11ed-86ad-f20af69b3e23', 'AddComment', '同意', 0xE5908CE6848F);
INSERT INTO `act_hi_comment` VALUES ('941e0f4e-8ea1-11ed-8742-f20af69b3e23', 'comment', '2023-01-07 23:40:14.423', '1610754019262783490', '76c7d61b-8ea1-11ed-8742-f20af69b3e23', '503b5dd9-8ea1-11ed-8742-f20af69b3e23', 'AddComment', '同意', 0xE5908CE6848F);
INSERT INTO `act_hi_comment` VALUES ('b82cb841-8dec-11ed-bbc4-f20af69b3e23', 'comment', '2023-01-07 02:05:36.009', '1610753781743542273', 'dff5d69d-8de9-11ed-bbac-f20af69b3e23', 'dfe7a5b8-8de9-11ed-bbac-f20af69b3e23', 'AddComment', '同意', 0xE5908CE6848F);
INSERT INTO `act_hi_comment` VALUES ('d7b6134d-8dee-11ed-bbc4-f20af69b3e23', 'comment', '2023-01-07 02:20:47.912', '1610753781743542273', '65e65549-8dee-11ed-bbc4-f20af69b3e23', '65e088d4-8dee-11ed-bbc4-f20af69b3e23', 'AddComment', '同意', 0xE5908CE6848F);
INSERT INTO `act_hi_comment` VALUES ('db4f07d9-8e9e-11ed-86ad-f20af69b3e23', 'comment', '2023-01-07 23:20:45.372', '2019131101', 'db42f9e7-8e9e-11ed-86ad-f20af69b3e23', 'db403ab0-8e9e-11ed-86ad-f20af69b3e23', 'AddComment', '同意', 0xE5908CE6848F);
INSERT INTO `act_hi_comment` VALUES ('dff3b3bb-8de9-11ed-bbac-f20af69b3e23', 'comment', '2023-01-07 01:45:14.254', '2', 'dfea8bf9-8de9-11ed-bbac-f20af69b3e23', 'dfe7a5b8-8de9-11ed-bbac-f20af69b3e23', 'AddComment', '同意', 0xE5908CE6848F);
INSERT INTO `act_hi_comment` VALUES ('e4eab8d9-8ea1-11ed-8742-f20af69b3e23', 'comment', '2023-01-07 23:42:29.982', '2019131101', 'e4e5fde7-8ea1-11ed-8742-f20af69b3e23', 'e4e5d6c0-8ea1-11ed-8742-f20af69b3e23', 'AddComment', '同意', 0xE5908CE6848F);
INSERT INTO `act_hi_comment` VALUES ('fca8734f-8ea1-11ed-8742-f20af69b3e23', 'comment', '2023-01-07 23:43:09.813', '1610753781743542273', 'e4eba33b-8ea1-11ed-8742-f20af69b3e23', 'e4e5d6c0-8ea1-11ed-8742-f20af69b3e23', 'AddComment', '同意', 0xE5908CE6848F);

-- ----------------------------
-- Table structure for act_hi_detail
-- ----------------------------
DROP TABLE IF EXISTS `act_hi_detail`;
CREATE TABLE `act_hi_detail`  (
  `ID_` varchar(64) CHARACTER SET utf8 COLLATE utf8_bin NOT NULL,
  `TYPE_` varchar(255) CHARACTER SET utf8 COLLATE utf8_bin NOT NULL,
  `PROC_INST_ID_` varchar(64) CHARACTER SET utf8 COLLATE utf8_bin NULL DEFAULT NULL,
  `EXECUTION_ID_` varchar(64) CHARACTER SET utf8 COLLATE utf8_bin NULL DEFAULT NULL,
  `TASK_ID_` varchar(64) CHARACTER SET utf8 COLLATE utf8_bin NULL DEFAULT NULL,
  `ACT_INST_ID_` varchar(64) CHARACTER SET utf8 COLLATE utf8_bin NULL DEFAULT NULL,
  `NAME_` varchar(255) CHARACTER SET utf8 COLLATE utf8_bin NOT NULL,
  `VAR_TYPE_` varchar(255) CHARACTER SET utf8 COLLATE utf8_bin NULL DEFAULT NULL,
  `REV_` int(0) NULL DEFAULT NULL,
  `TIME_` datetime(3) NOT NULL,
  `BYTEARRAY_ID_` varchar(64) CHARACTER SET utf8 COLLATE utf8_bin NULL DEFAULT NULL,
  `DOUBLE_` double NULL DEFAULT NULL,
  `LONG_` bigint(0) NULL DEFAULT NULL,
  `TEXT_` varchar(4000) CHARACTER SET utf8 COLLATE utf8_bin NULL DEFAULT NULL,
  `TEXT2_` varchar(4000) CHARACTER SET utf8 COLLATE utf8_bin NULL DEFAULT NULL,
  PRIMARY KEY (`ID_`) USING BTREE,
  INDEX `ACT_IDX_HI_DETAIL_PROC_INST`(`PROC_INST_ID_`) USING BTREE,
  INDEX `ACT_IDX_HI_DETAIL_ACT_INST`(`ACT_INST_ID_`) USING BTREE,
  INDEX `ACT_IDX_HI_DETAIL_TIME`(`TIME_`) USING BTREE,
  INDEX `ACT_IDX_HI_DETAIL_NAME`(`NAME_`) USING BTREE,
  INDEX `ACT_IDX_HI_DETAIL_TASK_ID`(`TASK_ID_`) USING BTREE
) ENGINE = InnoDB CHARACTER SET = utf8 COLLATE = utf8_bin ROW_FORMAT = Dynamic;

-- ----------------------------
-- Records of act_hi_detail
-- ----------------------------
INSERT INTO `act_hi_detail` VALUES ('274ae1f3-bf49-11ed-b027-f20af69b3e23', 'VariableUpdate', '274a6cc1-bf49-11ed-b027-f20af69b3e23', '274a6cc1-bf49-11ed-b027-f20af69b3e23', NULL, NULL, 'hours', 'long', 0, '2023-03-10 21:40:43.109', NULL, NULL, 241, '241', NULL);
INSERT INTO `act_hi_detail` VALUES ('274b5728-bf49-11ed-b027-f20af69b3e23', 'VariableUpdate', '274a6cc1-bf49-11ed-b027-f20af69b3e23', '274a6cc1-bf49-11ed-b027-f20af69b3e23', NULL, NULL, 'activity', 'serializable', 0, '2023-03-10 21:40:43.112', '274b5727-bf49-11ed-b027-f20af69b3e23', NULL, NULL, NULL, NULL);
INSERT INTO `act_hi_detail` VALUES ('274b572a-bf49-11ed-b027-f20af69b3e23', 'VariableUpdate', '274a6cc1-bf49-11ed-b027-f20af69b3e23', '274a6cc1-bf49-11ed-b027-f20af69b3e23', NULL, NULL, 'dueDate', 'date', 0, '2023-03-10 21:40:43.112', NULL, NULL, 1679144100000, NULL, NULL);
INSERT INTO `act_hi_detail` VALUES ('274b572c-bf49-11ed-b027-f20af69b3e23', 'VariableUpdate', '274a6cc1-bf49-11ed-b027-f20af69b3e23', '274a6cc1-bf49-11ed-b027-f20af69b3e23', NULL, NULL, 'end', 'date', 0, '2023-03-10 21:40:43.112', NULL, NULL, 1680008160000, NULL, NULL);
INSERT INTO `act_hi_detail` VALUES ('274b572e-bf49-11ed-b027-f20af69b3e23', 'VariableUpdate', '274a6cc1-bf49-11ed-b027-f20af69b3e23', '274a6cc1-bf49-11ed-b027-f20af69b3e23', NULL, NULL, 'assignee0', 'string', 0, '2023-03-10 21:40:43.112', NULL, NULL, NULL, '2019131101', NULL);
INSERT INTO `act_hi_detail` VALUES ('274b5730-bf49-11ed-b027-f20af69b3e23', 'VariableUpdate', '274a6cc1-bf49-11ed-b027-f20af69b3e23', '274a6cc1-bf49-11ed-b027-f20af69b3e23', NULL, NULL, 'bussinessKey', 'string', 0, '2023-03-10 21:40:43.112', NULL, NULL, NULL, 'activity:1634187527859515394', NULL);
INSERT INTO `act_hi_detail` VALUES ('274b5732-bf49-11ed-b027-f20af69b3e23', 'VariableUpdate', '274a6cc1-bf49-11ed-b027-f20af69b3e23', '274a6cc1-bf49-11ed-b027-f20af69b3e23', NULL, NULL, 'begin', 'date', 0, '2023-03-10 21:40:43.112', NULL, NULL, 1679144100000, NULL, NULL);
INSERT INTO `act_hi_detail` VALUES ('274b5737-bf49-11ed-b027-f20af69b3e23', 'VariableUpdate', '274a6cc1-bf49-11ed-b027-f20af69b3e23', '274a6cc1-bf49-11ed-b027-f20af69b3e23', NULL, NULL, 'venueIds', 'serializable', 0, '2023-03-10 21:40:43.112', '274b5736-bf49-11ed-b027-f20af69b3e23', NULL, NULL, NULL, NULL);
INSERT INTO `act_hi_detail` VALUES ('274b5739-bf49-11ed-b027-f20af69b3e23', 'VariableUpdate', '274a6cc1-bf49-11ed-b027-f20af69b3e23', '274a6cc1-bf49-11ed-b027-f20af69b3e23', NULL, NULL, 'assignee1', 'string', 0, '2023-03-10 21:40:43.112', NULL, NULL, NULL, '1610753781743542273', NULL);
INSERT INTO `act_hi_detail` VALUES ('4734f2ce-8e9f-11ed-86ad-f20af69b3e23', 'VariableUpdate', 'db403ab0-8e9e-11ed-86ad-f20af69b3e23', 'db403ab0-8e9e-11ed-86ad-f20af69b3e23', NULL, 'db5103aa-8e9e-11ed-86ad-f20af69b3e23', 'assignee2', 'string', 0, '2023-01-07 23:23:46.395', NULL, NULL, NULL, '1610754019262783490', NULL);
INSERT INTO `act_hi_detail` VALUES ('503babfb-8ea1-11ed-8742-f20af69b3e23', 'VariableUpdate', '503b5dd9-8ea1-11ed-8742-f20af69b3e23', '503b5dd9-8ea1-11ed-8742-f20af69b3e23', NULL, NULL, 'hours', 'long', 0, '2023-01-07 23:38:20.532', NULL, NULL, 192, '192', NULL);
INSERT INTO `act_hi_detail` VALUES ('503c2130-8ea1-11ed-8742-f20af69b3e23', 'VariableUpdate', '503b5dd9-8ea1-11ed-8742-f20af69b3e23', '503b5dd9-8ea1-11ed-8742-f20af69b3e23', NULL, NULL, 'activity', 'serializable', 0, '2023-01-07 23:38:20.535', '503c212f-8ea1-11ed-8742-f20af69b3e23', NULL, NULL, NULL, NULL);
INSERT INTO `act_hi_detail` VALUES ('503c2132-8ea1-11ed-8742-f20af69b3e23', 'VariableUpdate', '503b5dd9-8ea1-11ed-8742-f20af69b3e23', '503b5dd9-8ea1-11ed-8742-f20af69b3e23', NULL, NULL, 'dueDate', 'date', 0, '2023-01-07 23:38:20.535', NULL, NULL, 1672502400000, NULL, NULL);
INSERT INTO `act_hi_detail` VALUES ('503c2134-8ea1-11ed-8742-f20af69b3e23', 'VariableUpdate', '503b5dd9-8ea1-11ed-8742-f20af69b3e23', '503b5dd9-8ea1-11ed-8742-f20af69b3e23', NULL, NULL, 'end', 'date', 0, '2023-01-07 23:38:20.535', NULL, NULL, 1673193600000, NULL, NULL);
INSERT INTO `act_hi_detail` VALUES ('503c2136-8ea1-11ed-8742-f20af69b3e23', 'VariableUpdate', '503b5dd9-8ea1-11ed-8742-f20af69b3e23', '503b5dd9-8ea1-11ed-8742-f20af69b3e23', NULL, NULL, 'assignee0', 'string', 0, '2023-01-07 23:38:20.535', NULL, NULL, NULL, '2019131101', NULL);
INSERT INTO `act_hi_detail` VALUES ('503c2138-8ea1-11ed-8742-f20af69b3e23', 'VariableUpdate', '503b5dd9-8ea1-11ed-8742-f20af69b3e23', '503b5dd9-8ea1-11ed-8742-f20af69b3e23', NULL, NULL, 'bussinessKey', 'string', 0, '2023-01-07 23:38:20.535', NULL, NULL, NULL, 'activity:1611749081199190017', NULL);
INSERT INTO `act_hi_detail` VALUES ('503c213a-8ea1-11ed-8742-f20af69b3e23', 'VariableUpdate', '503b5dd9-8ea1-11ed-8742-f20af69b3e23', '503b5dd9-8ea1-11ed-8742-f20af69b3e23', NULL, NULL, 'begin', 'date', 0, '2023-01-07 23:38:20.535', NULL, NULL, 1672502400000, NULL, NULL);
INSERT INTO `act_hi_detail` VALUES ('503c213c-8ea1-11ed-8742-f20af69b3e23', 'VariableUpdate', '503b5dd9-8ea1-11ed-8742-f20af69b3e23', '503b5dd9-8ea1-11ed-8742-f20af69b3e23', NULL, NULL, 'assignee1', 'string', 0, '2023-01-07 23:38:20.535', NULL, NULL, NULL, '1610753781743542273', NULL);
INSERT INTO `act_hi_detail` VALUES ('50a6c4d2-8def-11ed-bbc4-f20af69b3e23', 'VariableUpdate', '65e088d4-8dee-11ed-bbc4-f20af69b3e23', '65e088d4-8dee-11ed-bbc4-f20af69b3e23', NULL, 'd7b74bcf-8dee-11ed-bbc4-f20af69b3e23', 'assignee2', 'string', 1, '2023-01-07 02:24:10.816', NULL, NULL, NULL, ' ', NULL);
INSERT INTO `act_hi_detail` VALUES ('5faa5d05-8ea2-11ed-8742-f20af69b3e23', 'VariableUpdate', '5faa5d02-8ea2-11ed-8742-f20af69b3e23', '5faa5d02-8ea2-11ed-8742-f20af69b3e23', NULL, NULL, 'hours', 'long', 0, '2023-01-07 23:45:55.920', NULL, NULL, 24, '24', NULL);
INSERT INTO `act_hi_detail` VALUES ('5faa5d0a-8ea2-11ed-8742-f20af69b3e23', 'VariableUpdate', '5faa5d02-8ea2-11ed-8742-f20af69b3e23', '5faa5d02-8ea2-11ed-8742-f20af69b3e23', NULL, NULL, 'activity', 'serializable', 0, '2023-01-07 23:45:55.920', '5faa5d09-8ea2-11ed-8742-f20af69b3e23', NULL, NULL, NULL, NULL);
INSERT INTO `act_hi_detail` VALUES ('5faa5d0c-8ea2-11ed-8742-f20af69b3e23', 'VariableUpdate', '5faa5d02-8ea2-11ed-8742-f20af69b3e23', '5faa5d02-8ea2-11ed-8742-f20af69b3e23', NULL, NULL, 'dueDate', 'date', 0, '2023-01-07 23:45:55.920', NULL, NULL, 1673193600000, NULL, NULL);
INSERT INTO `act_hi_detail` VALUES ('5faa5d0e-8ea2-11ed-8742-f20af69b3e23', 'VariableUpdate', '5faa5d02-8ea2-11ed-8742-f20af69b3e23', '5faa5d02-8ea2-11ed-8742-f20af69b3e23', NULL, NULL, 'end', 'date', 0, '2023-01-07 23:45:55.920', NULL, NULL, 1673280000000, NULL, NULL);
INSERT INTO `act_hi_detail` VALUES ('5faa5d10-8ea2-11ed-8742-f20af69b3e23', 'VariableUpdate', '5faa5d02-8ea2-11ed-8742-f20af69b3e23', '5faa5d02-8ea2-11ed-8742-f20af69b3e23', NULL, NULL, 'assignee0', 'string', 0, '2023-01-07 23:45:55.920', NULL, NULL, NULL, '2019131101', NULL);
INSERT INTO `act_hi_detail` VALUES ('5faa5d12-8ea2-11ed-8742-f20af69b3e23', 'VariableUpdate', '5faa5d02-8ea2-11ed-8742-f20af69b3e23', '5faa5d02-8ea2-11ed-8742-f20af69b3e23', NULL, NULL, 'bussinessKey', 'string', 0, '2023-01-07 23:45:55.920', NULL, NULL, NULL, 'activity:1611750991478169601', NULL);
INSERT INTO `act_hi_detail` VALUES ('5faa5d14-8ea2-11ed-8742-f20af69b3e23', 'VariableUpdate', '5faa5d02-8ea2-11ed-8742-f20af69b3e23', '5faa5d02-8ea2-11ed-8742-f20af69b3e23', NULL, NULL, 'begin', 'date', 0, '2023-01-07 23:45:55.920', NULL, NULL, 1673193600000, NULL, NULL);
INSERT INTO `act_hi_detail` VALUES ('5faa5d16-8ea2-11ed-8742-f20af69b3e23', 'VariableUpdate', '5faa5d02-8ea2-11ed-8742-f20af69b3e23', '5faa5d02-8ea2-11ed-8742-f20af69b3e23', NULL, NULL, 'assignee1', 'string', 0, '2023-01-07 23:45:55.920', NULL, NULL, NULL, '1610753781743542273', NULL);
INSERT INTO `act_hi_detail` VALUES ('65e088d6-8dee-11ed-bbc4-f20af69b3e23', 'VariableUpdate', '65e088d4-8dee-11ed-bbc4-f20af69b3e23', '65e088d4-8dee-11ed-bbc4-f20af69b3e23', NULL, NULL, 'hours', 'long', 0, '2023-01-07 02:17:36.930', NULL, NULL, 192, '192', NULL);
INSERT INTO `act_hi_detail` VALUES ('65e0d6fb-8dee-11ed-bbc4-f20af69b3e23', 'VariableUpdate', '65e088d4-8dee-11ed-bbc4-f20af69b3e23', '65e088d4-8dee-11ed-bbc4-f20af69b3e23', NULL, NULL, 'activity', 'serializable', 0, '2023-01-07 02:17:36.932', '65e0d6fa-8dee-11ed-bbc4-f20af69b3e23', NULL, NULL, NULL, NULL);
INSERT INTO `act_hi_detail` VALUES ('65e0d6fd-8dee-11ed-bbc4-f20af69b3e23', 'VariableUpdate', '65e088d4-8dee-11ed-bbc4-f20af69b3e23', '65e088d4-8dee-11ed-bbc4-f20af69b3e23', NULL, NULL, 'assignee0', 'string', 0, '2023-01-07 02:17:36.932', NULL, NULL, NULL, '2019131101', NULL);
INSERT INTO `act_hi_detail` VALUES ('65e0d6ff-8dee-11ed-bbc4-f20af69b3e23', 'VariableUpdate', '65e088d4-8dee-11ed-bbc4-f20af69b3e23', '65e088d4-8dee-11ed-bbc4-f20af69b3e23', NULL, NULL, 'bussinessKey', 'string', 0, '2023-01-07 02:17:36.932', NULL, NULL, NULL, 'activity:1611426775893598210', NULL);
INSERT INTO `act_hi_detail` VALUES ('65e0d701-8dee-11ed-bbc4-f20af69b3e23', 'VariableUpdate', '65e088d4-8dee-11ed-bbc4-f20af69b3e23', '65e088d4-8dee-11ed-bbc4-f20af69b3e23', NULL, NULL, 'assignee1', 'string', 0, '2023-01-07 02:17:36.932', NULL, NULL, NULL, '1610753781743542273', NULL);
INSERT INTO `act_hi_detail` VALUES ('6c6a8620-8ea2-11ed-8742-f20af69b3e23', 'VariableUpdate', '5faa5d02-8ea2-11ed-8742-f20af69b3e23', '5faa5d02-8ea2-11ed-8742-f20af69b3e23', NULL, '5fadb87c-8ea2-11ed-8742-f20af69b3e23', 'assignee2', 'string', 0, '2023-01-07 23:46:17.312', NULL, NULL, NULL, '1610754019262783490', NULL);
INSERT INTO `act_hi_detail` VALUES ('76c42c97-8ea1-11ed-8742-f20af69b3e23', 'VariableUpdate', '503b5dd9-8ea1-11ed-8742-f20af69b3e23', '503b5dd9-8ea1-11ed-8742-f20af69b3e23', NULL, '504a03f3-8ea1-11ed-8742-f20af69b3e23', 'assignee2', 'string', 0, '2023-01-07 23:39:25.180', NULL, NULL, NULL, '1610754019262783490', NULL);
INSERT INTO `act_hi_detail` VALUES ('7adbe8f4-8e9f-11ed-86ad-f20af69b3e23', 'VariableUpdate', 'db403ab0-8e9e-11ed-86ad-f20af69b3e23', 'db403ab0-8e9e-11ed-86ad-f20af69b3e23', NULL, '47389c51-8e9f-11ed-86ad-f20af69b3e23', 'assignee2', 'string', 1, '2023-01-07 23:25:13.053', NULL, NULL, NULL, '1610754019262783490', NULL);
INSERT INTO `act_hi_detail` VALUES ('941c88ad-8ea1-11ed-8742-f20af69b3e23', 'VariableUpdate', '503b5dd9-8ea1-11ed-8742-f20af69b3e23', '503b5dd9-8ea1-11ed-8742-f20af69b3e23', NULL, '76c7d61a-8ea1-11ed-8742-f20af69b3e23', 'assignee2', 'string', 1, '2023-01-07 23:40:14.413', NULL, NULL, NULL, '1610754019262783490', NULL);
INSERT INTO `act_hi_detail` VALUES ('b82a2030-8dec-11ed-bbc4-f20af69b3e23', 'VariableUpdate', 'dfe7a5b8-8de9-11ed-bbac-f20af69b3e23', 'dfe7a5b8-8de9-11ed-bbac-f20af69b3e23', NULL, 'dff5d69c-8de9-11ed-bbac-f20af69b3e23', 'assignee2', 'string', 0, '2023-01-07 02:05:35.992', NULL, NULL, NULL, '1610754019262783490', NULL);
INSERT INTO `act_hi_detail` VALUES ('d7b501dc-8dee-11ed-bbc4-f20af69b3e23', 'VariableUpdate', '65e088d4-8dee-11ed-bbc4-f20af69b3e23', '65e088d4-8dee-11ed-bbc4-f20af69b3e23', NULL, '65e65548-8dee-11ed-bbc4-f20af69b3e23', 'assignee2', 'string', 0, '2023-01-07 02:20:47.905', NULL, NULL, NULL, '1610754019262783490', NULL);
INSERT INTO `act_hi_detail` VALUES ('db4088d2-8e9e-11ed-86ad-f20af69b3e23', 'VariableUpdate', 'db403ab0-8e9e-11ed-86ad-f20af69b3e23', 'db403ab0-8e9e-11ed-86ad-f20af69b3e23', NULL, NULL, 'hours', 'long', 0, '2023-01-07 23:20:45.277', NULL, NULL, 192, '192', NULL);
INSERT INTO `act_hi_detail` VALUES ('db40fe07-8e9e-11ed-86ad-f20af69b3e23', 'VariableUpdate', 'db403ab0-8e9e-11ed-86ad-f20af69b3e23', 'db403ab0-8e9e-11ed-86ad-f20af69b3e23', NULL, NULL, 'activity', 'serializable', 0, '2023-01-07 23:20:45.280', 'db40fe06-8e9e-11ed-86ad-f20af69b3e23', NULL, NULL, NULL, NULL);
INSERT INTO `act_hi_detail` VALUES ('db40fe09-8e9e-11ed-86ad-f20af69b3e23', 'VariableUpdate', 'db403ab0-8e9e-11ed-86ad-f20af69b3e23', 'db403ab0-8e9e-11ed-86ad-f20af69b3e23', NULL, NULL, 'dueDate', 'date', 0, '2023-01-07 23:20:45.280', NULL, NULL, 1672502400000, NULL, NULL);
INSERT INTO `act_hi_detail` VALUES ('db40fe0b-8e9e-11ed-86ad-f20af69b3e23', 'VariableUpdate', 'db403ab0-8e9e-11ed-86ad-f20af69b3e23', 'db403ab0-8e9e-11ed-86ad-f20af69b3e23', NULL, NULL, 'end', 'date', 0, '2023-01-07 23:20:45.280', NULL, NULL, 1673193600000, NULL, NULL);
INSERT INTO `act_hi_detail` VALUES ('db40fe0d-8e9e-11ed-86ad-f20af69b3e23', 'VariableUpdate', 'db403ab0-8e9e-11ed-86ad-f20af69b3e23', 'db403ab0-8e9e-11ed-86ad-f20af69b3e23', NULL, NULL, 'assignee0', 'string', 0, '2023-01-07 23:20:45.280', NULL, NULL, NULL, '2019131101', NULL);
INSERT INTO `act_hi_detail` VALUES ('db40fe0f-8e9e-11ed-86ad-f20af69b3e23', 'VariableUpdate', 'db403ab0-8e9e-11ed-86ad-f20af69b3e23', 'db403ab0-8e9e-11ed-86ad-f20af69b3e23', NULL, NULL, 'bussinessKey', 'string', 0, '2023-01-07 23:20:45.280', NULL, NULL, NULL, 'activity:1611744655122202625', NULL);
INSERT INTO `act_hi_detail` VALUES ('db40fe11-8e9e-11ed-86ad-f20af69b3e23', 'VariableUpdate', 'db403ab0-8e9e-11ed-86ad-f20af69b3e23', 'db403ab0-8e9e-11ed-86ad-f20af69b3e23', NULL, NULL, 'begin', 'date', 0, '2023-01-07 23:20:45.280', NULL, NULL, 1672502400000, NULL, NULL);
INSERT INTO `act_hi_detail` VALUES ('db40fe13-8e9e-11ed-86ad-f20af69b3e23', 'VariableUpdate', 'db403ab0-8e9e-11ed-86ad-f20af69b3e23', 'db403ab0-8e9e-11ed-86ad-f20af69b3e23', NULL, NULL, 'assignee1', 'string', 0, '2023-01-07 23:20:45.280', NULL, NULL, NULL, '1610753781743542273', NULL);
INSERT INTO `act_hi_detail` VALUES ('dfe7f3da-8de9-11ed-bbac-f20af69b3e23', 'VariableUpdate', 'dfe7a5b8-8de9-11ed-bbac-f20af69b3e23', 'dfe7a5b8-8de9-11ed-bbac-f20af69b3e23', NULL, NULL, 'hours', 'long', 0, '2023-01-07 01:45:14.177', NULL, NULL, 8, '8', NULL);
INSERT INTO `act_hi_detail` VALUES ('dfe8690f-8de9-11ed-bbac-f20af69b3e23', 'VariableUpdate', 'dfe7a5b8-8de9-11ed-bbac-f20af69b3e23', 'dfe7a5b8-8de9-11ed-bbac-f20af69b3e23', NULL, NULL, 'activity', 'serializable', 0, '2023-01-07 01:45:14.180', 'dfe8690e-8de9-11ed-bbac-f20af69b3e23', NULL, NULL, NULL, NULL);
INSERT INTO `act_hi_detail` VALUES ('dfe86911-8de9-11ed-bbac-f20af69b3e23', 'VariableUpdate', 'dfe7a5b8-8de9-11ed-bbac-f20af69b3e23', 'dfe7a5b8-8de9-11ed-bbac-f20af69b3e23', NULL, NULL, 'assignee0', 'string', 0, '2023-01-07 01:45:14.180', NULL, NULL, NULL, '2', NULL);
INSERT INTO `act_hi_detail` VALUES ('dfe86913-8de9-11ed-bbac-f20af69b3e23', 'VariableUpdate', 'dfe7a5b8-8de9-11ed-bbac-f20af69b3e23', 'dfe7a5b8-8de9-11ed-bbac-f20af69b3e23', NULL, NULL, 'bussinessKey', 'string', 0, '2023-01-07 01:45:14.180', NULL, NULL, NULL, 'activity:1611418627120152578', NULL);
INSERT INTO `act_hi_detail` VALUES ('dfe86915-8de9-11ed-bbac-f20af69b3e23', 'VariableUpdate', 'dfe7a5b8-8de9-11ed-bbac-f20af69b3e23', 'dfe7a5b8-8de9-11ed-bbac-f20af69b3e23', NULL, NULL, 'assignee1', 'string', 0, '2023-01-07 01:45:14.180', NULL, NULL, NULL, '1610753781743542273', NULL);
INSERT INTO `act_hi_detail` VALUES ('e4e5fdd2-8ea1-11ed-8742-f20af69b3e23', 'VariableUpdate', 'e4e5d6c0-8ea1-11ed-8742-f20af69b3e23', 'e4e5d6c0-8ea1-11ed-8742-f20af69b3e23', NULL, NULL, 'hours', 'long', 0, '2023-01-07 23:42:29.951', NULL, NULL, 24, '24', NULL);
INSERT INTO `act_hi_detail` VALUES ('e4e5fdd7-8ea1-11ed-8742-f20af69b3e23', 'VariableUpdate', 'e4e5d6c0-8ea1-11ed-8742-f20af69b3e23', 'e4e5d6c0-8ea1-11ed-8742-f20af69b3e23', NULL, NULL, 'activity', 'serializable', 0, '2023-01-07 23:42:29.951', 'e4e5fdd6-8ea1-11ed-8742-f20af69b3e23', NULL, NULL, NULL, NULL);
INSERT INTO `act_hi_detail` VALUES ('e4e5fdd9-8ea1-11ed-8742-f20af69b3e23', 'VariableUpdate', 'e4e5d6c0-8ea1-11ed-8742-f20af69b3e23', 'e4e5d6c0-8ea1-11ed-8742-f20af69b3e23', NULL, NULL, 'dueDate', 'date', 0, '2023-01-07 23:42:29.951', NULL, NULL, 1673193600000, NULL, NULL);
INSERT INTO `act_hi_detail` VALUES ('e4e5fddb-8ea1-11ed-8742-f20af69b3e23', 'VariableUpdate', 'e4e5d6c0-8ea1-11ed-8742-f20af69b3e23', 'e4e5d6c0-8ea1-11ed-8742-f20af69b3e23', NULL, NULL, 'end', 'date', 0, '2023-01-07 23:42:29.951', NULL, NULL, 1673280000000, NULL, NULL);
INSERT INTO `act_hi_detail` VALUES ('e4e5fddd-8ea1-11ed-8742-f20af69b3e23', 'VariableUpdate', 'e4e5d6c0-8ea1-11ed-8742-f20af69b3e23', 'e4e5d6c0-8ea1-11ed-8742-f20af69b3e23', NULL, NULL, 'assignee0', 'string', 0, '2023-01-07 23:42:29.951', NULL, NULL, NULL, '2019131101', NULL);
INSERT INTO `act_hi_detail` VALUES ('e4e5fddf-8ea1-11ed-8742-f20af69b3e23', 'VariableUpdate', 'e4e5d6c0-8ea1-11ed-8742-f20af69b3e23', 'e4e5d6c0-8ea1-11ed-8742-f20af69b3e23', NULL, NULL, 'bussinessKey', 'string', 0, '2023-01-07 23:42:29.951', NULL, NULL, NULL, 'activity:1611750127594151938', NULL);
INSERT INTO `act_hi_detail` VALUES ('e4e5fde1-8ea1-11ed-8742-f20af69b3e23', 'VariableUpdate', 'e4e5d6c0-8ea1-11ed-8742-f20af69b3e23', 'e4e5d6c0-8ea1-11ed-8742-f20af69b3e23', NULL, NULL, 'begin', 'date', 0, '2023-01-07 23:42:29.951', NULL, NULL, 1673193600000, NULL, NULL);
INSERT INTO `act_hi_detail` VALUES ('e4e5fde3-8ea1-11ed-8742-f20af69b3e23', 'VariableUpdate', 'e4e5d6c0-8ea1-11ed-8742-f20af69b3e23', 'e4e5d6c0-8ea1-11ed-8742-f20af69b3e23', NULL, NULL, 'assignee1', 'string', 0, '2023-01-07 23:42:29.951', NULL, NULL, NULL, '1610753781743542273', NULL);
INSERT INTO `act_hi_detail` VALUES ('fca7affe-8ea1-11ed-8742-f20af69b3e23', 'VariableUpdate', 'e4e5d6c0-8ea1-11ed-8742-f20af69b3e23', 'e4e5d6c0-8ea1-11ed-8742-f20af69b3e23', NULL, 'e4eba33a-8ea1-11ed-8742-f20af69b3e23', 'assignee2', 'string', 0, '2023-01-07 23:43:09.808', NULL, NULL, NULL, '1610754019262783490', NULL);

-- ----------------------------
-- Table structure for act_hi_identitylink
-- ----------------------------
DROP TABLE IF EXISTS `act_hi_identitylink`;
CREATE TABLE `act_hi_identitylink`  (
  `ID_` varchar(64) CHARACTER SET utf8 COLLATE utf8_bin NOT NULL,
  `GROUP_ID_` varchar(255) CHARACTER SET utf8 COLLATE utf8_bin NULL DEFAULT NULL,
  `TYPE_` varchar(255) CHARACTER SET utf8 COLLATE utf8_bin NULL DEFAULT NULL,
  `USER_ID_` varchar(255) CHARACTER SET utf8 COLLATE utf8_bin NULL DEFAULT NULL,
  `TASK_ID_` varchar(64) CHARACTER SET utf8 COLLATE utf8_bin NULL DEFAULT NULL,
  `PROC_INST_ID_` varchar(64) CHARACTER SET utf8 COLLATE utf8_bin NULL DEFAULT NULL,
  PRIMARY KEY (`ID_`) USING BTREE,
  INDEX `ACT_IDX_HI_IDENT_LNK_USER`(`USER_ID_`) USING BTREE,
  INDEX `ACT_IDX_HI_IDENT_LNK_TASK`(`TASK_ID_`) USING BTREE,
  INDEX `ACT_IDX_HI_IDENT_LNK_PROCINST`(`PROC_INST_ID_`) USING BTREE
) ENGINE = InnoDB CHARACTER SET = utf8 COLLATE = utf8_bin ROW_FORMAT = Dynamic;

-- ----------------------------
-- Records of act_hi_identitylink
-- ----------------------------
INSERT INTO `act_hi_identitylink` VALUES ('274e3d6e-bf49-11ed-b027-f20af69b3e23', NULL, 'participant', '2019131101', NULL, '274a6cc1-bf49-11ed-b027-f20af69b3e23');
INSERT INTO `act_hi_identitylink` VALUES ('27598814-bf49-11ed-b027-f20af69b3e23', NULL, 'participant', '1610753781743542273', NULL, '274a6cc1-bf49-11ed-b027-f20af69b3e23');
INSERT INTO `act_hi_identitylink` VALUES ('47391183-8e9f-11ed-86ad-f20af69b3e23', NULL, 'participant', '1610754019262783490', NULL, 'db403ab0-8e9e-11ed-86ad-f20af69b3e23');
INSERT INTO `act_hi_identitylink` VALUES ('503f5591-8ea1-11ed-8742-f20af69b3e23', NULL, 'participant', '2019131101', NULL, '503b5dd9-8ea1-11ed-8742-f20af69b3e23');
INSERT INTO `act_hi_identitylink` VALUES ('504b6385-8ea1-11ed-8742-f20af69b3e23', NULL, 'participant', '1610753781743542273', NULL, '503b5dd9-8ea1-11ed-8742-f20af69b3e23');
INSERT INTO `act_hi_identitylink` VALUES ('5faa5d03-8ea2-11ed-8742-f20af69b3e23', NULL, 'starter', '2019131101', NULL, '5faa5d02-8ea2-11ed-8742-f20af69b3e23');
INSERT INTO `act_hi_identitylink` VALUES ('5fae2dae-8ea2-11ed-8742-f20af69b3e23', NULL, 'participant', '1610753781743542273', NULL, '5faa5d02-8ea2-11ed-8742-f20af69b3e23');
INSERT INTO `act_hi_identitylink` VALUES ('65e1e876-8dee-11ed-bbc4-f20af69b3e23', NULL, 'participant', '2019131101', NULL, '65e088d4-8dee-11ed-bbc4-f20af69b3e23');
INSERT INTO `act_hi_identitylink` VALUES ('65e78dca-8dee-11ed-bbc4-f20af69b3e23', NULL, 'participant', '1610753781743542273', NULL, '65e088d4-8dee-11ed-bbc4-f20af69b3e23');
INSERT INTO `act_hi_identitylink` VALUES ('76c8725c-8ea1-11ed-8742-f20af69b3e23', NULL, 'participant', '1610754019262783490', NULL, '503b5dd9-8ea1-11ed-8742-f20af69b3e23');
INSERT INTO `act_hi_identitylink` VALUES ('d7b7c101-8dee-11ed-bbc4-f20af69b3e23', NULL, 'participant', '1610754019262783490', NULL, '65e088d4-8dee-11ed-bbc4-f20af69b3e23');
INSERT INTO `act_hi_identitylink` VALUES ('db440b58-8e9e-11ed-86ad-f20af69b3e23', NULL, 'participant', '2019131101', NULL, 'db403ab0-8e9e-11ed-86ad-f20af69b3e23');
INSERT INTO `act_hi_identitylink` VALUES ('db52633c-8e9e-11ed-86ad-f20af69b3e23', NULL, 'participant', '1610753781743542273', NULL, 'db403ab0-8e9e-11ed-86ad-f20af69b3e23');
INSERT INTO `act_hi_identitylink` VALUES ('dfeb9d6a-8de9-11ed-bbac-f20af69b3e23', NULL, 'participant', '2', NULL, 'dfe7a5b8-8de9-11ed-bbac-f20af69b3e23');
INSERT INTO `act_hi_identitylink` VALUES ('dff70f1e-8de9-11ed-bbac-f20af69b3e23', NULL, 'participant', '1610753781743542273', NULL, 'dfe7a5b8-8de9-11ed-bbac-f20af69b3e23');
INSERT INTO `act_hi_identitylink` VALUES ('e4e64c08-8ea1-11ed-8742-f20af69b3e23', NULL, 'participant', '2019131101', NULL, 'e4e5d6c0-8ea1-11ed-8742-f20af69b3e23');
INSERT INTO `act_hi_identitylink` VALUES ('e4ec668c-8ea1-11ed-8742-f20af69b3e23', NULL, 'participant', '1610753781743542273', NULL, 'e4e5d6c0-8ea1-11ed-8742-f20af69b3e23');

-- ----------------------------
-- Table structure for act_hi_procinst
-- ----------------------------
DROP TABLE IF EXISTS `act_hi_procinst`;
CREATE TABLE `act_hi_procinst`  (
  `ID_` varchar(64) CHARACTER SET utf8 COLLATE utf8_bin NOT NULL,
  `PROC_INST_ID_` varchar(64) CHARACTER SET utf8 COLLATE utf8_bin NOT NULL,
  `BUSINESS_KEY_` varchar(255) CHARACTER SET utf8 COLLATE utf8_bin NULL DEFAULT NULL,
  `PROC_DEF_ID_` varchar(64) CHARACTER SET utf8 COLLATE utf8_bin NOT NULL,
  `START_TIME_` datetime(3) NOT NULL,
  `END_TIME_` datetime(3) NULL DEFAULT NULL,
  `DURATION_` bigint(0) NULL DEFAULT NULL,
  `START_USER_ID_` varchar(255) CHARACTER SET utf8 COLLATE utf8_bin NULL DEFAULT NULL,
  `START_ACT_ID_` varchar(255) CHARACTER SET utf8 COLLATE utf8_bin NULL DEFAULT NULL,
  `END_ACT_ID_` varchar(255) CHARACTER SET utf8 COLLATE utf8_bin NULL DEFAULT NULL,
  `SUPER_PROCESS_INSTANCE_ID_` varchar(64) CHARACTER SET utf8 COLLATE utf8_bin NULL DEFAULT NULL,
  `DELETE_REASON_` varchar(4000) CHARACTER SET utf8 COLLATE utf8_bin NULL DEFAULT NULL,
  `TENANT_ID_` varchar(255) CHARACTER SET utf8 COLLATE utf8_bin NULL DEFAULT '',
  `NAME_` varchar(255) CHARACTER SET utf8 COLLATE utf8_bin NULL DEFAULT NULL,
  PRIMARY KEY (`ID_`) USING BTREE,
  UNIQUE INDEX `PROC_INST_ID_`(`PROC_INST_ID_`) USING BTREE,
  INDEX `ACT_IDX_HI_PRO_INST_END`(`END_TIME_`) USING BTREE,
  INDEX `ACT_IDX_HI_PRO_I_BUSKEY`(`BUSINESS_KEY_`) USING BTREE
) ENGINE = InnoDB CHARACTER SET = utf8 COLLATE = utf8_bin ROW_FORMAT = Dynamic;

-- ----------------------------
-- Records of act_hi_procinst
-- ----------------------------
INSERT INTO `act_hi_procinst` VALUES ('274a6cc1-bf49-11ed-b027-f20af69b3e23', '274a6cc1-bf49-11ed-b027-f20af69b3e23', 'activity:1634187527859515394', 'activity:1:9f351e10-bf3a-11ed-ab8b-f20af69b3e23', '2023-03-10 21:40:43.106', '2023-03-11 22:40:59.391', 90016285, NULL, 'sid-82f16d91-fa6c-431e-bfb7-f2377cb2fedc', 'sid-44d11a6e-7262-428c-97db-d2ed699d6325', NULL, NULL, '', NULL);
INSERT INTO `act_hi_procinst` VALUES ('503b5dd9-8ea1-11ed-8742-f20af69b3e23', '503b5dd9-8ea1-11ed-8742-f20af69b3e23', 'activity:1611749081199190017', 'activity:1:6cb6007d-8e9d-11ed-846f-f20af69b3e23', '2023-01-07 23:38:20.530', '2023-01-07 23:40:14.453', 113923, NULL, 'sid-82f16d91-fa6c-431e-bfb7-f2377cb2fedc', 'sid-d6f1a6ae-e704-404d-a6c6-242622f197cc', NULL, NULL, '', NULL);
INSERT INTO `act_hi_procinst` VALUES ('5faa5d02-8ea2-11ed-8742-f20af69b3e23', '5faa5d02-8ea2-11ed-8742-f20af69b3e23', 'activity:1611750991478169601', 'activity:1:6cb6007d-8e9d-11ed-846f-f20af69b3e23', '2023-01-07 23:45:55.920', '2023-01-07 23:46:17.328', 21408, '2019131101', 'sid-82f16d91-fa6c-431e-bfb7-f2377cb2fedc', 'sid-d6f1a6ae-e704-404d-a6c6-242622f197cc', NULL, NULL, '', NULL);
INSERT INTO `act_hi_procinst` VALUES ('65e088d4-8dee-11ed-bbc4-f20af69b3e23', '65e088d4-8dee-11ed-bbc4-f20af69b3e23', 'activity:1611426775893598210', 'activity:1:d3b5857b-8de1-11ed-8fc3-f20af69b3e23', '2023-01-07 02:17:36.930', '2023-01-07 02:24:10.837', 393907, NULL, 'sid-82f16d91-fa6c-431e-bfb7-f2377cb2fedc', 'sid-d6f1a6ae-e704-404d-a6c6-242622f197cc', NULL, NULL, '', NULL);
INSERT INTO `act_hi_procinst` VALUES ('db403ab0-8e9e-11ed-86ad-f20af69b3e23', 'db403ab0-8e9e-11ed-86ad-f20af69b3e23', 'activity:1611744655122202625', 'activity:1:6cb6007d-8e9d-11ed-846f-f20af69b3e23', '2023-01-07 23:20:45.274', '2023-01-07 23:25:13.092', 267818, NULL, 'sid-82f16d91-fa6c-431e-bfb7-f2377cb2fedc', 'sid-d6f1a6ae-e704-404d-a6c6-242622f197cc', NULL, NULL, '', NULL);
INSERT INTO `act_hi_procinst` VALUES ('dfe7a5b8-8de9-11ed-bbac-f20af69b3e23', 'dfe7a5b8-8de9-11ed-bbac-f20af69b3e23', 'activity:1611418627120152578', 'activity:1:d3b5857b-8de1-11ed-8fc3-f20af69b3e23', '2023-01-07 01:45:14.175', '2023-01-07 02:05:36.073', 1221898, NULL, 'sid-82f16d91-fa6c-431e-bfb7-f2377cb2fedc', 'sid-d6f1a6ae-e704-404d-a6c6-242622f197cc', NULL, NULL, '', NULL);
INSERT INTO `act_hi_procinst` VALUES ('e4e5d6c0-8ea1-11ed-8742-f20af69b3e23', 'e4e5d6c0-8ea1-11ed-8742-f20af69b3e23', 'activity:1611750127594151938', 'activity:1:6cb6007d-8e9d-11ed-846f-f20af69b3e23', '2023-01-07 23:42:29.950', '2023-01-07 23:43:09.827', 39877, NULL, 'sid-82f16d91-fa6c-431e-bfb7-f2377cb2fedc', 'sid-d6f1a6ae-e704-404d-a6c6-242622f197cc', NULL, NULL, '', NULL);

-- ----------------------------
-- Table structure for act_hi_taskinst
-- ----------------------------
DROP TABLE IF EXISTS `act_hi_taskinst`;
CREATE TABLE `act_hi_taskinst`  (
  `ID_` varchar(64) CHARACTER SET utf8 COLLATE utf8_bin NOT NULL,
  `PROC_DEF_ID_` varchar(64) CHARACTER SET utf8 COLLATE utf8_bin NULL DEFAULT NULL,
  `TASK_DEF_KEY_` varchar(255) CHARACTER SET utf8 COLLATE utf8_bin NULL DEFAULT NULL,
  `PROC_INST_ID_` varchar(64) CHARACTER SET utf8 COLLATE utf8_bin NULL DEFAULT NULL,
  `EXECUTION_ID_` varchar(64) CHARACTER SET utf8 COLLATE utf8_bin NULL DEFAULT NULL,
  `NAME_` varchar(255) CHARACTER SET utf8 COLLATE utf8_bin NULL DEFAULT NULL,
  `PARENT_TASK_ID_` varchar(64) CHARACTER SET utf8 COLLATE utf8_bin NULL DEFAULT NULL,
  `DESCRIPTION_` varchar(4000) CHARACTER SET utf8 COLLATE utf8_bin NULL DEFAULT NULL,
  `OWNER_` varchar(255) CHARACTER SET utf8 COLLATE utf8_bin NULL DEFAULT NULL,
  `ASSIGNEE_` varchar(255) CHARACTER SET utf8 COLLATE utf8_bin NULL DEFAULT NULL,
  `START_TIME_` datetime(3) NOT NULL,
  `CLAIM_TIME_` datetime(3) NULL DEFAULT NULL,
  `END_TIME_` datetime(3) NULL DEFAULT NULL,
  `DURATION_` bigint(0) NULL DEFAULT NULL,
  `DELETE_REASON_` varchar(4000) CHARACTER SET utf8 COLLATE utf8_bin NULL DEFAULT NULL,
  `PRIORITY_` int(0) NULL DEFAULT NULL,
  `DUE_DATE_` datetime(3) NULL DEFAULT NULL,
  `FORM_KEY_` varchar(255) CHARACTER SET utf8 COLLATE utf8_bin NULL DEFAULT NULL,
  `CATEGORY_` varchar(255) CHARACTER SET utf8 COLLATE utf8_bin NULL DEFAULT NULL,
  `TENANT_ID_` varchar(255) CHARACTER SET utf8 COLLATE utf8_bin NULL DEFAULT '',
  PRIMARY KEY (`ID_`) USING BTREE,
  INDEX `ACT_IDX_HI_TASK_INST_PROCINST`(`PROC_INST_ID_`) USING BTREE
) ENGINE = InnoDB CHARACTER SET = utf8 COLLATE = utf8_bin ROW_FORMAT = Dynamic;

-- ----------------------------
-- Records of act_hi_taskinst
-- ----------------------------
INSERT INTO `act_hi_taskinst` VALUES ('274da12d-bf49-11ed-b027-f20af69b3e23', 'activity:1:9f351e10-bf3a-11ed-ab8b-f20af69b3e23', 'sid-02dc165c-f6fa-4090-8b9a-6e8b46723dba', '274a6cc1-bf49-11ed-b027-f20af69b3e23', '274b573a-bf49-11ed-b027-f20af69b3e23', '创建活动申请', NULL, NULL, NULL, '2019131101', '2023-03-10 21:40:43.127', NULL, '2023-03-10 21:40:43.186', 59, NULL, 50, NULL, NULL, NULL, '');
INSERT INTO `act_hi_taskinst` VALUES ('275876a3-bf49-11ed-b027-f20af69b3e23', 'activity:1:9f351e10-bf3a-11ed-ab8b-f20af69b3e23', 'sid-e08ba16b-e757-4806-83d0-5b4340386f3a', '274a6cc1-bf49-11ed-b027-f20af69b3e23', '274b573a-bf49-11ed-b027-f20af69b3e23', '一级审核', NULL, NULL, NULL, '1610753781743542273', '2023-03-10 21:40:43.198', NULL, '2023-03-11 22:40:59.246', 90016048, 'boundary event (sid-91720e15-9e6d-477c-8045-730083e4d301)', 50, '2023-03-18 20:55:00.000', NULL, NULL, '');
INSERT INTO `act_hi_taskinst` VALUES ('47389c52-8e9f-11ed-86ad-f20af69b3e23', 'activity:1:6cb6007d-8e9d-11ed-846f-f20af69b3e23', 'sid-e035070d-1a6d-49e2-9390-887f3db5f56a', 'db403ab0-8e9e-11ed-86ad-f20af69b3e23', 'db40fe14-8e9e-11ed-86ad-f20af69b3e23', '二级审核', NULL, NULL, NULL, '1610754019262783490', '2023-01-07 23:23:46.419', NULL, '2023-01-07 23:25:13.068', 86649, NULL, 50, NULL, NULL, NULL, '');
INSERT INTO `act_hi_taskinst` VALUES ('503e1d10-8ea1-11ed-8742-f20af69b3e23', 'activity:1:6cb6007d-8e9d-11ed-846f-f20af69b3e23', 'sid-02dc165c-f6fa-4090-8b9a-6e8b46723dba', '503b5dd9-8ea1-11ed-8742-f20af69b3e23', '503c213d-8ea1-11ed-8742-f20af69b3e23', '创建活动申请', NULL, NULL, NULL, '2019131101', '2023-01-07 23:38:20.549', NULL, '2023-01-07 23:38:20.622', 73, NULL, 50, NULL, NULL, NULL, '');
INSERT INTO `act_hi_taskinst` VALUES ('504a2b04-8ea1-11ed-8742-f20af69b3e23', 'activity:1:6cb6007d-8e9d-11ed-846f-f20af69b3e23', 'sid-e08ba16b-e757-4806-83d0-5b4340386f3a', '503b5dd9-8ea1-11ed-8742-f20af69b3e23', '503c213d-8ea1-11ed-8742-f20af69b3e23', '一级审核', NULL, NULL, NULL, '1610753781743542273', '2023-01-07 23:38:20.627', NULL, '2023-01-07 23:39:25.193', 64566, NULL, 50, NULL, NULL, NULL, '');
INSERT INTO `act_hi_taskinst` VALUES ('5faa5d1a-8ea2-11ed-8742-f20af69b3e23', 'activity:1:6cb6007d-8e9d-11ed-846f-f20af69b3e23', 'sid-02dc165c-f6fa-4090-8b9a-6e8b46723dba', '5faa5d02-8ea2-11ed-8742-f20af69b3e23', '5faa5d17-8ea2-11ed-8742-f20af69b3e23', '创建活动申请', NULL, NULL, NULL, '2019131101', '2023-01-07 23:45:55.920', NULL, '2023-01-07 23:45:55.940', 20, NULL, 50, NULL, NULL, NULL, '');
INSERT INTO `act_hi_taskinst` VALUES ('5fadb87d-8ea2-11ed-8742-f20af69b3e23', 'activity:1:6cb6007d-8e9d-11ed-846f-f20af69b3e23', 'sid-e08ba16b-e757-4806-83d0-5b4340386f3a', '5faa5d02-8ea2-11ed-8742-f20af69b3e23', '5faa5d17-8ea2-11ed-8742-f20af69b3e23', '一级审核', NULL, NULL, NULL, '1610753781743542273', '2023-01-07 23:45:55.942', NULL, '2023-01-07 23:46:17.319', 21377, NULL, 50, NULL, NULL, NULL, '');
INSERT INTO `act_hi_taskinst` VALUES ('65e12525-8dee-11ed-bbc4-f20af69b3e23', 'activity:1:d3b5857b-8de1-11ed-8fc3-f20af69b3e23', 'sid-02dc165c-f6fa-4090-8b9a-6e8b46723dba', '65e088d4-8dee-11ed-bbc4-f20af69b3e23', '65e0fe12-8dee-11ed-bbc4-f20af69b3e23', '创建活动申请', NULL, NULL, NULL, '2019131101', '2023-01-07 02:17:36.934', NULL, '2023-01-07 02:17:36.965', 31, NULL, 50, NULL, NULL, NULL, '');
INSERT INTO `act_hi_taskinst` VALUES ('65e65549-8dee-11ed-bbc4-f20af69b3e23', 'activity:1:d3b5857b-8de1-11ed-8fc3-f20af69b3e23', 'sid-e08ba16b-e757-4806-83d0-5b4340386f3a', '65e088d4-8dee-11ed-bbc4-f20af69b3e23', '65e0fe12-8dee-11ed-bbc4-f20af69b3e23', '一级审核', NULL, NULL, NULL, '1610753781743542273', '2023-01-07 02:17:36.968', NULL, '2023-01-07 02:20:47.916', 190948, NULL, 50, NULL, NULL, NULL, '');
INSERT INTO `act_hi_taskinst` VALUES ('76c7d61b-8ea1-11ed-8742-f20af69b3e23', 'activity:1:6cb6007d-8e9d-11ed-846f-f20af69b3e23', 'sid-e035070d-1a6d-49e2-9390-887f3db5f56a', '503b5dd9-8ea1-11ed-8742-f20af69b3e23', '503c213d-8ea1-11ed-8742-f20af69b3e23', '二级审核', NULL, NULL, NULL, '1610754019262783490', '2023-01-07 23:39:25.204', NULL, '2023-01-07 23:40:14.432', 49228, NULL, 50, NULL, NULL, NULL, '');
INSERT INTO `act_hi_taskinst` VALUES ('d7b74bd0-8dee-11ed-bbc4-f20af69b3e23', 'activity:1:d3b5857b-8de1-11ed-8fc3-f20af69b3e23', 'sid-e035070d-1a6d-49e2-9390-887f3db5f56a', '65e088d4-8dee-11ed-bbc4-f20af69b3e23', '65e0fe12-8dee-11ed-bbc4-f20af69b3e23', '二级审核', NULL, NULL, NULL, '1610754019262783490', '2023-01-07 02:20:47.920', NULL, '2023-01-07 02:24:10.827', 202907, NULL, 50, NULL, NULL, NULL, '');
INSERT INTO `act_hi_taskinst` VALUES ('db42f9e7-8e9e-11ed-86ad-f20af69b3e23', 'activity:1:6cb6007d-8e9d-11ed-846f-f20af69b3e23', 'sid-02dc165c-f6fa-4090-8b9a-6e8b46723dba', 'db403ab0-8e9e-11ed-86ad-f20af69b3e23', 'db40fe14-8e9e-11ed-86ad-f20af69b3e23', '创建活动申请', NULL, NULL, NULL, '2019131101', '2023-01-07 23:20:45.293', NULL, '2023-01-07 23:20:45.382', 89, NULL, 50, NULL, NULL, NULL, '');
INSERT INTO `act_hi_taskinst` VALUES ('db5103ab-8e9e-11ed-86ad-f20af69b3e23', 'activity:1:6cb6007d-8e9d-11ed-846f-f20af69b3e23', 'sid-e08ba16b-e757-4806-83d0-5b4340386f3a', 'db403ab0-8e9e-11ed-86ad-f20af69b3e23', 'db40fe14-8e9e-11ed-86ad-f20af69b3e23', '一级审核', NULL, NULL, NULL, '1610753781743542273', '2023-01-07 23:20:45.385', NULL, '2023-01-07 23:23:46.408', 181023, NULL, 50, NULL, NULL, NULL, '');
INSERT INTO `act_hi_taskinst` VALUES ('dfea8bf9-8de9-11ed-bbac-f20af69b3e23', 'activity:1:d3b5857b-8de1-11ed-8fc3-f20af69b3e23', 'sid-02dc165c-f6fa-4090-8b9a-6e8b46723dba', 'dfe7a5b8-8de9-11ed-bbac-f20af69b3e23', 'dfe86916-8de9-11ed-bbac-f20af69b3e23', '创建活动申请', NULL, NULL, NULL, '2', '2023-01-07 01:45:14.194', NULL, '2023-01-07 01:45:14.264', 70, NULL, 50, NULL, NULL, NULL, '');
INSERT INTO `act_hi_taskinst` VALUES ('dff5d69d-8de9-11ed-bbac-f20af69b3e23', 'activity:1:d3b5857b-8de1-11ed-8fc3-f20af69b3e23', 'sid-e08ba16b-e757-4806-83d0-5b4340386f3a', 'dfe7a5b8-8de9-11ed-bbac-f20af69b3e23', 'dfe86916-8de9-11ed-bbac-f20af69b3e23', '一级审核', NULL, NULL, NULL, '1610753781743542273', '2023-01-07 01:45:14.268', NULL, '2023-01-07 02:05:36.017', 1221749, NULL, 50, NULL, NULL, NULL, '');
INSERT INTO `act_hi_taskinst` VALUES ('e4e5fde7-8ea1-11ed-8742-f20af69b3e23', 'activity:1:6cb6007d-8e9d-11ed-846f-f20af69b3e23', 'sid-02dc165c-f6fa-4090-8b9a-6e8b46723dba', 'e4e5d6c0-8ea1-11ed-8742-f20af69b3e23', 'e4e5fde4-8ea1-11ed-8742-f20af69b3e23', '创建活动申请', NULL, NULL, NULL, '2019131101', '2023-01-07 23:42:29.951', NULL, '2023-01-07 23:42:29.986', 35, NULL, 50, NULL, NULL, NULL, '');
INSERT INTO `act_hi_taskinst` VALUES ('e4eba33b-8ea1-11ed-8742-f20af69b3e23', 'activity:1:6cb6007d-8e9d-11ed-846f-f20af69b3e23', 'sid-e08ba16b-e757-4806-83d0-5b4340386f3a', 'e4e5d6c0-8ea1-11ed-8742-f20af69b3e23', 'e4e5fde4-8ea1-11ed-8742-f20af69b3e23', '一级审核', NULL, NULL, NULL, '1610753781743542273', '2023-01-07 23:42:29.988', NULL, '2023-01-07 23:43:09.817', 39829, NULL, 50, NULL, NULL, NULL, '');

-- ----------------------------
-- Table structure for act_hi_varinst
-- ----------------------------
DROP TABLE IF EXISTS `act_hi_varinst`;
CREATE TABLE `act_hi_varinst`  (
  `ID_` varchar(64) CHARACTER SET utf8 COLLATE utf8_bin NOT NULL,
  `PROC_INST_ID_` varchar(64) CHARACTER SET utf8 COLLATE utf8_bin NULL DEFAULT NULL,
  `EXECUTION_ID_` varchar(64) CHARACTER SET utf8 COLLATE utf8_bin NULL DEFAULT NULL,
  `TASK_ID_` varchar(64) CHARACTER SET utf8 COLLATE utf8_bin NULL DEFAULT NULL,
  `NAME_` varchar(255) CHARACTER SET utf8 COLLATE utf8_bin NOT NULL,
  `VAR_TYPE_` varchar(100) CHARACTER SET utf8 COLLATE utf8_bin NULL DEFAULT NULL,
  `REV_` int(0) NULL DEFAULT NULL,
  `BYTEARRAY_ID_` varchar(64) CHARACTER SET utf8 COLLATE utf8_bin NULL DEFAULT NULL,
  `DOUBLE_` double NULL DEFAULT NULL,
  `LONG_` bigint(0) NULL DEFAULT NULL,
  `TEXT_` varchar(4000) CHARACTER SET utf8 COLLATE utf8_bin NULL DEFAULT NULL,
  `TEXT2_` varchar(4000) CHARACTER SET utf8 COLLATE utf8_bin NULL DEFAULT NULL,
  `CREATE_TIME_` datetime(3) NULL DEFAULT NULL,
  `LAST_UPDATED_TIME_` datetime(3) NULL DEFAULT NULL,
  PRIMARY KEY (`ID_`) USING BTREE,
  INDEX `ACT_IDX_HI_PROCVAR_PROC_INST`(`PROC_INST_ID_`) USING BTREE,
  INDEX `ACT_IDX_HI_PROCVAR_NAME_TYPE`(`NAME_`, `VAR_TYPE_`) USING BTREE,
  INDEX `ACT_IDX_HI_PROCVAR_TASK_ID`(`TASK_ID_`) USING BTREE
) ENGINE = InnoDB CHARACTER SET = utf8 COLLATE = utf8_bin ROW_FORMAT = Dynamic;

-- ----------------------------
-- Records of act_hi_varinst
-- ----------------------------
INSERT INTO `act_hi_varinst` VALUES ('274ae1f2-bf49-11ed-b027-f20af69b3e23', '274a6cc1-bf49-11ed-b027-f20af69b3e23', '274a6cc1-bf49-11ed-b027-f20af69b3e23', NULL, 'hours', 'long', 0, NULL, NULL, 241, '241', NULL, '2023-03-10 21:40:43.109', '2023-03-10 21:40:43.109');
INSERT INTO `act_hi_varinst` VALUES ('274b5725-bf49-11ed-b027-f20af69b3e23', '274a6cc1-bf49-11ed-b027-f20af69b3e23', '274a6cc1-bf49-11ed-b027-f20af69b3e23', NULL, 'activity', 'serializable', 0, '274b5726-bf49-11ed-b027-f20af69b3e23', NULL, NULL, NULL, NULL, '2023-03-10 21:40:43.112', '2023-03-10 21:40:43.112');
INSERT INTO `act_hi_varinst` VALUES ('274b5729-bf49-11ed-b027-f20af69b3e23', '274a6cc1-bf49-11ed-b027-f20af69b3e23', '274a6cc1-bf49-11ed-b027-f20af69b3e23', NULL, 'dueDate', 'date', 0, NULL, NULL, 1679144100000, NULL, NULL, '2023-03-10 21:40:43.112', '2023-03-10 21:40:43.112');
INSERT INTO `act_hi_varinst` VALUES ('274b572b-bf49-11ed-b027-f20af69b3e23', '274a6cc1-bf49-11ed-b027-f20af69b3e23', '274a6cc1-bf49-11ed-b027-f20af69b3e23', NULL, 'end', 'date', 0, NULL, NULL, 1680008160000, NULL, NULL, '2023-03-10 21:40:43.112', '2023-03-10 21:40:43.112');
INSERT INTO `act_hi_varinst` VALUES ('274b572d-bf49-11ed-b027-f20af69b3e23', '274a6cc1-bf49-11ed-b027-f20af69b3e23', '274a6cc1-bf49-11ed-b027-f20af69b3e23', NULL, 'assignee0', 'string', 0, NULL, NULL, NULL, '2019131101', NULL, '2023-03-10 21:40:43.112', '2023-03-10 21:40:43.112');
INSERT INTO `act_hi_varinst` VALUES ('274b572f-bf49-11ed-b027-f20af69b3e23', '274a6cc1-bf49-11ed-b027-f20af69b3e23', '274a6cc1-bf49-11ed-b027-f20af69b3e23', NULL, 'bussinessKey', 'string', 0, NULL, NULL, NULL, 'activity:1634187527859515394', NULL, '2023-03-10 21:40:43.112', '2023-03-10 21:40:43.112');
INSERT INTO `act_hi_varinst` VALUES ('274b5731-bf49-11ed-b027-f20af69b3e23', '274a6cc1-bf49-11ed-b027-f20af69b3e23', '274a6cc1-bf49-11ed-b027-f20af69b3e23', NULL, 'begin', 'date', 0, NULL, NULL, 1679144100000, NULL, NULL, '2023-03-10 21:40:43.112', '2023-03-10 21:40:43.112');
INSERT INTO `act_hi_varinst` VALUES ('274b5734-bf49-11ed-b027-f20af69b3e23', '274a6cc1-bf49-11ed-b027-f20af69b3e23', '274a6cc1-bf49-11ed-b027-f20af69b3e23', NULL, 'venueIds', 'serializable', 0, '274b5735-bf49-11ed-b027-f20af69b3e23', NULL, NULL, NULL, NULL, '2023-03-10 21:40:43.112', '2023-03-10 21:40:43.112');
INSERT INTO `act_hi_varinst` VALUES ('274b5738-bf49-11ed-b027-f20af69b3e23', '274a6cc1-bf49-11ed-b027-f20af69b3e23', '274a6cc1-bf49-11ed-b027-f20af69b3e23', NULL, 'assignee1', 'string', 0, NULL, NULL, NULL, '1610753781743542273', NULL, '2023-03-10 21:40:43.112', '2023-03-10 21:40:43.112');
INSERT INTO `act_hi_varinst` VALUES ('4734f2cd-8e9f-11ed-86ad-f20af69b3e23', 'db403ab0-8e9e-11ed-86ad-f20af69b3e23', 'db403ab0-8e9e-11ed-86ad-f20af69b3e23', NULL, 'assignee2', 'string', 1, NULL, NULL, NULL, '1610754019262783490', NULL, '2023-01-07 23:23:46.395', '2023-01-07 23:25:13.054');
INSERT INTO `act_hi_varinst` VALUES ('503babfa-8ea1-11ed-8742-f20af69b3e23', '503b5dd9-8ea1-11ed-8742-f20af69b3e23', '503b5dd9-8ea1-11ed-8742-f20af69b3e23', NULL, 'hours', 'long', 0, NULL, NULL, 192, '192', NULL, '2023-01-07 23:38:20.532', '2023-01-07 23:38:20.532');
INSERT INTO `act_hi_varinst` VALUES ('503c212d-8ea1-11ed-8742-f20af69b3e23', '503b5dd9-8ea1-11ed-8742-f20af69b3e23', '503b5dd9-8ea1-11ed-8742-f20af69b3e23', NULL, 'activity', 'serializable', 0, '503c212e-8ea1-11ed-8742-f20af69b3e23', NULL, NULL, NULL, NULL, '2023-01-07 23:38:20.535', '2023-01-07 23:38:20.535');
INSERT INTO `act_hi_varinst` VALUES ('503c2131-8ea1-11ed-8742-f20af69b3e23', '503b5dd9-8ea1-11ed-8742-f20af69b3e23', '503b5dd9-8ea1-11ed-8742-f20af69b3e23', NULL, 'dueDate', 'date', 0, NULL, NULL, 1672502400000, NULL, NULL, '2023-01-07 23:38:20.535', '2023-01-07 23:38:20.535');
INSERT INTO `act_hi_varinst` VALUES ('503c2133-8ea1-11ed-8742-f20af69b3e23', '503b5dd9-8ea1-11ed-8742-f20af69b3e23', '503b5dd9-8ea1-11ed-8742-f20af69b3e23', NULL, 'end', 'date', 0, NULL, NULL, 1673193600000, NULL, NULL, '2023-01-07 23:38:20.535', '2023-01-07 23:38:20.535');
INSERT INTO `act_hi_varinst` VALUES ('503c2135-8ea1-11ed-8742-f20af69b3e23', '503b5dd9-8ea1-11ed-8742-f20af69b3e23', '503b5dd9-8ea1-11ed-8742-f20af69b3e23', NULL, 'assignee0', 'string', 0, NULL, NULL, NULL, '2019131101', NULL, '2023-01-07 23:38:20.535', '2023-01-07 23:38:20.535');
INSERT INTO `act_hi_varinst` VALUES ('503c2137-8ea1-11ed-8742-f20af69b3e23', '503b5dd9-8ea1-11ed-8742-f20af69b3e23', '503b5dd9-8ea1-11ed-8742-f20af69b3e23', NULL, 'bussinessKey', 'string', 0, NULL, NULL, NULL, 'activity:1611749081199190017', NULL, '2023-01-07 23:38:20.535', '2023-01-07 23:38:20.535');
INSERT INTO `act_hi_varinst` VALUES ('503c2139-8ea1-11ed-8742-f20af69b3e23', '503b5dd9-8ea1-11ed-8742-f20af69b3e23', '503b5dd9-8ea1-11ed-8742-f20af69b3e23', NULL, 'begin', 'date', 0, NULL, NULL, 1672502400000, NULL, NULL, '2023-01-07 23:38:20.535', '2023-01-07 23:38:20.535');
INSERT INTO `act_hi_varinst` VALUES ('503c213b-8ea1-11ed-8742-f20af69b3e23', '503b5dd9-8ea1-11ed-8742-f20af69b3e23', '503b5dd9-8ea1-11ed-8742-f20af69b3e23', NULL, 'assignee1', 'string', 0, NULL, NULL, NULL, '1610753781743542273', NULL, '2023-01-07 23:38:20.535', '2023-01-07 23:38:20.535');
INSERT INTO `act_hi_varinst` VALUES ('5faa5d04-8ea2-11ed-8742-f20af69b3e23', '5faa5d02-8ea2-11ed-8742-f20af69b3e23', '5faa5d02-8ea2-11ed-8742-f20af69b3e23', NULL, 'hours', 'long', 0, NULL, NULL, 24, '24', NULL, '2023-01-07 23:45:55.920', '2023-01-07 23:45:55.920');
INSERT INTO `act_hi_varinst` VALUES ('5faa5d07-8ea2-11ed-8742-f20af69b3e23', '5faa5d02-8ea2-11ed-8742-f20af69b3e23', '5faa5d02-8ea2-11ed-8742-f20af69b3e23', NULL, 'activity', 'serializable', 0, '5faa5d08-8ea2-11ed-8742-f20af69b3e23', NULL, NULL, NULL, NULL, '2023-01-07 23:45:55.920', '2023-01-07 23:45:55.920');
INSERT INTO `act_hi_varinst` VALUES ('5faa5d0b-8ea2-11ed-8742-f20af69b3e23', '5faa5d02-8ea2-11ed-8742-f20af69b3e23', '5faa5d02-8ea2-11ed-8742-f20af69b3e23', NULL, 'dueDate', 'date', 0, NULL, NULL, 1673193600000, NULL, NULL, '2023-01-07 23:45:55.920', '2023-01-07 23:45:55.920');
INSERT INTO `act_hi_varinst` VALUES ('5faa5d0d-8ea2-11ed-8742-f20af69b3e23', '5faa5d02-8ea2-11ed-8742-f20af69b3e23', '5faa5d02-8ea2-11ed-8742-f20af69b3e23', NULL, 'end', 'date', 0, NULL, NULL, 1673280000000, NULL, NULL, '2023-01-07 23:45:55.920', '2023-01-07 23:45:55.920');
INSERT INTO `act_hi_varinst` VALUES ('5faa5d0f-8ea2-11ed-8742-f20af69b3e23', '5faa5d02-8ea2-11ed-8742-f20af69b3e23', '5faa5d02-8ea2-11ed-8742-f20af69b3e23', NULL, 'assignee0', 'string', 0, NULL, NULL, NULL, '2019131101', NULL, '2023-01-07 23:45:55.920', '2023-01-07 23:45:55.920');
INSERT INTO `act_hi_varinst` VALUES ('5faa5d11-8ea2-11ed-8742-f20af69b3e23', '5faa5d02-8ea2-11ed-8742-f20af69b3e23', '5faa5d02-8ea2-11ed-8742-f20af69b3e23', NULL, 'bussinessKey', 'string', 0, NULL, NULL, NULL, 'activity:1611750991478169601', NULL, '2023-01-07 23:45:55.920', '2023-01-07 23:45:55.920');
INSERT INTO `act_hi_varinst` VALUES ('5faa5d13-8ea2-11ed-8742-f20af69b3e23', '5faa5d02-8ea2-11ed-8742-f20af69b3e23', '5faa5d02-8ea2-11ed-8742-f20af69b3e23', NULL, 'begin', 'date', 0, NULL, NULL, 1673193600000, NULL, NULL, '2023-01-07 23:45:55.920', '2023-01-07 23:45:55.920');
INSERT INTO `act_hi_varinst` VALUES ('5faa5d15-8ea2-11ed-8742-f20af69b3e23', '5faa5d02-8ea2-11ed-8742-f20af69b3e23', '5faa5d02-8ea2-11ed-8742-f20af69b3e23', NULL, 'assignee1', 'string', 0, NULL, NULL, NULL, '1610753781743542273', NULL, '2023-01-07 23:45:55.920', '2023-01-07 23:45:55.920');
INSERT INTO `act_hi_varinst` VALUES ('65e088d5-8dee-11ed-bbc4-f20af69b3e23', '65e088d4-8dee-11ed-bbc4-f20af69b3e23', '65e088d4-8dee-11ed-bbc4-f20af69b3e23', NULL, 'hours', 'long', 0, NULL, NULL, 192, '192', NULL, '2023-01-07 02:17:36.930', '2023-01-07 02:17:36.930');
INSERT INTO `act_hi_varinst` VALUES ('65e0d6f8-8dee-11ed-bbc4-f20af69b3e23', '65e088d4-8dee-11ed-bbc4-f20af69b3e23', '65e088d4-8dee-11ed-bbc4-f20af69b3e23', NULL, 'activity', 'serializable', 0, '65e0d6f9-8dee-11ed-bbc4-f20af69b3e23', NULL, NULL, NULL, NULL, '2023-01-07 02:17:36.932', '2023-01-07 02:17:36.932');
INSERT INTO `act_hi_varinst` VALUES ('65e0d6fc-8dee-11ed-bbc4-f20af69b3e23', '65e088d4-8dee-11ed-bbc4-f20af69b3e23', '65e088d4-8dee-11ed-bbc4-f20af69b3e23', NULL, 'assignee0', 'string', 0, NULL, NULL, NULL, '2019131101', NULL, '2023-01-07 02:17:36.932', '2023-01-07 02:17:36.932');
INSERT INTO `act_hi_varinst` VALUES ('65e0d6fe-8dee-11ed-bbc4-f20af69b3e23', '65e088d4-8dee-11ed-bbc4-f20af69b3e23', '65e088d4-8dee-11ed-bbc4-f20af69b3e23', NULL, 'bussinessKey', 'string', 0, NULL, NULL, NULL, 'activity:1611426775893598210', NULL, '2023-01-07 02:17:36.932', '2023-01-07 02:17:36.932');
INSERT INTO `act_hi_varinst` VALUES ('65e0d700-8dee-11ed-bbc4-f20af69b3e23', '65e088d4-8dee-11ed-bbc4-f20af69b3e23', '65e088d4-8dee-11ed-bbc4-f20af69b3e23', NULL, 'assignee1', 'string', 0, NULL, NULL, NULL, '1610753781743542273', NULL, '2023-01-07 02:17:36.932', '2023-01-07 02:17:36.932');
INSERT INTO `act_hi_varinst` VALUES ('6c6a861f-8ea2-11ed-8742-f20af69b3e23', '5faa5d02-8ea2-11ed-8742-f20af69b3e23', '5faa5d02-8ea2-11ed-8742-f20af69b3e23', NULL, 'assignee2', 'string', 0, NULL, NULL, NULL, '1610754019262783490', NULL, '2023-01-07 23:46:17.312', '2023-01-07 23:46:17.312');
INSERT INTO `act_hi_varinst` VALUES ('76c42c96-8ea1-11ed-8742-f20af69b3e23', '503b5dd9-8ea1-11ed-8742-f20af69b3e23', '503b5dd9-8ea1-11ed-8742-f20af69b3e23', NULL, 'assignee2', 'string', 1, NULL, NULL, NULL, '1610754019262783490', NULL, '2023-01-07 23:39:25.180', '2023-01-07 23:40:14.415');
INSERT INTO `act_hi_varinst` VALUES ('b829f91f-8dec-11ed-bbc4-f20af69b3e23', 'dfe7a5b8-8de9-11ed-bbac-f20af69b3e23', 'dfe7a5b8-8de9-11ed-bbac-f20af69b3e23', NULL, 'assignee2', 'string', 0, NULL, NULL, NULL, '1610754019262783490', NULL, '2023-01-07 02:05:35.992', '2023-01-07 02:05:35.992');
INSERT INTO `act_hi_varinst` VALUES ('d7b501db-8dee-11ed-bbc4-f20af69b3e23', '65e088d4-8dee-11ed-bbc4-f20af69b3e23', '65e088d4-8dee-11ed-bbc4-f20af69b3e23', NULL, 'assignee2', 'string', 1, NULL, NULL, NULL, ' ', NULL, '2023-01-07 02:20:47.905', '2023-01-07 02:24:10.817');
INSERT INTO `act_hi_varinst` VALUES ('db4088d1-8e9e-11ed-86ad-f20af69b3e23', 'db403ab0-8e9e-11ed-86ad-f20af69b3e23', 'db403ab0-8e9e-11ed-86ad-f20af69b3e23', NULL, 'hours', 'long', 0, NULL, NULL, 192, '192', NULL, '2023-01-07 23:20:45.277', '2023-01-07 23:20:45.277');
INSERT INTO `act_hi_varinst` VALUES ('db40fe04-8e9e-11ed-86ad-f20af69b3e23', 'db403ab0-8e9e-11ed-86ad-f20af69b3e23', 'db403ab0-8e9e-11ed-86ad-f20af69b3e23', NULL, 'activity', 'serializable', 0, 'db40fe05-8e9e-11ed-86ad-f20af69b3e23', NULL, NULL, NULL, NULL, '2023-01-07 23:20:45.280', '2023-01-07 23:20:45.280');
INSERT INTO `act_hi_varinst` VALUES ('db40fe08-8e9e-11ed-86ad-f20af69b3e23', 'db403ab0-8e9e-11ed-86ad-f20af69b3e23', 'db403ab0-8e9e-11ed-86ad-f20af69b3e23', NULL, 'dueDate', 'date', 0, NULL, NULL, 1672502400000, NULL, NULL, '2023-01-07 23:20:45.280', '2023-01-07 23:20:45.280');
INSERT INTO `act_hi_varinst` VALUES ('db40fe0a-8e9e-11ed-86ad-f20af69b3e23', 'db403ab0-8e9e-11ed-86ad-f20af69b3e23', 'db403ab0-8e9e-11ed-86ad-f20af69b3e23', NULL, 'end', 'date', 0, NULL, NULL, 1673193600000, NULL, NULL, '2023-01-07 23:20:45.280', '2023-01-07 23:20:45.280');
INSERT INTO `act_hi_varinst` VALUES ('db40fe0c-8e9e-11ed-86ad-f20af69b3e23', 'db403ab0-8e9e-11ed-86ad-f20af69b3e23', 'db403ab0-8e9e-11ed-86ad-f20af69b3e23', NULL, 'assignee0', 'string', 0, NULL, NULL, NULL, '2019131101', NULL, '2023-01-07 23:20:45.280', '2023-01-07 23:20:45.280');
INSERT INTO `act_hi_varinst` VALUES ('db40fe0e-8e9e-11ed-86ad-f20af69b3e23', 'db403ab0-8e9e-11ed-86ad-f20af69b3e23', 'db403ab0-8e9e-11ed-86ad-f20af69b3e23', NULL, 'bussinessKey', 'string', 0, NULL, NULL, NULL, 'activity:1611744655122202625', NULL, '2023-01-07 23:20:45.280', '2023-01-07 23:20:45.280');
INSERT INTO `act_hi_varinst` VALUES ('db40fe10-8e9e-11ed-86ad-f20af69b3e23', 'db403ab0-8e9e-11ed-86ad-f20af69b3e23', 'db403ab0-8e9e-11ed-86ad-f20af69b3e23', NULL, 'begin', 'date', 0, NULL, NULL, 1672502400000, NULL, NULL, '2023-01-07 23:20:45.280', '2023-01-07 23:20:45.280');
INSERT INTO `act_hi_varinst` VALUES ('db40fe12-8e9e-11ed-86ad-f20af69b3e23', 'db403ab0-8e9e-11ed-86ad-f20af69b3e23', 'db403ab0-8e9e-11ed-86ad-f20af69b3e23', NULL, 'assignee1', 'string', 0, NULL, NULL, NULL, '1610753781743542273', NULL, '2023-01-07 23:20:45.280', '2023-01-07 23:20:45.280');
INSERT INTO `act_hi_varinst` VALUES ('dfe7f3d9-8de9-11ed-bbac-f20af69b3e23', 'dfe7a5b8-8de9-11ed-bbac-f20af69b3e23', 'dfe7a5b8-8de9-11ed-bbac-f20af69b3e23', NULL, 'hours', 'long', 0, NULL, NULL, 8, '8', NULL, '2023-01-07 01:45:14.177', '2023-01-07 01:45:14.177');
INSERT INTO `act_hi_varinst` VALUES ('dfe8690c-8de9-11ed-bbac-f20af69b3e23', 'dfe7a5b8-8de9-11ed-bbac-f20af69b3e23', 'dfe7a5b8-8de9-11ed-bbac-f20af69b3e23', NULL, 'activity', 'serializable', 0, 'dfe8690d-8de9-11ed-bbac-f20af69b3e23', NULL, NULL, NULL, NULL, '2023-01-07 01:45:14.180', '2023-01-07 01:45:14.180');
INSERT INTO `act_hi_varinst` VALUES ('dfe86910-8de9-11ed-bbac-f20af69b3e23', 'dfe7a5b8-8de9-11ed-bbac-f20af69b3e23', 'dfe7a5b8-8de9-11ed-bbac-f20af69b3e23', NULL, 'assignee0', 'string', 0, NULL, NULL, NULL, '2', NULL, '2023-01-07 01:45:14.180', '2023-01-07 01:45:14.180');
INSERT INTO `act_hi_varinst` VALUES ('dfe86912-8de9-11ed-bbac-f20af69b3e23', 'dfe7a5b8-8de9-11ed-bbac-f20af69b3e23', 'dfe7a5b8-8de9-11ed-bbac-f20af69b3e23', NULL, 'bussinessKey', 'string', 0, NULL, NULL, NULL, 'activity:1611418627120152578', NULL, '2023-01-07 01:45:14.180', '2023-01-07 01:45:14.180');
INSERT INTO `act_hi_varinst` VALUES ('dfe86914-8de9-11ed-bbac-f20af69b3e23', 'dfe7a5b8-8de9-11ed-bbac-f20af69b3e23', 'dfe7a5b8-8de9-11ed-bbac-f20af69b3e23', NULL, 'assignee1', 'string', 0, NULL, NULL, NULL, '1610753781743542273', NULL, '2023-01-07 01:45:14.180', '2023-01-07 01:45:14.180');
INSERT INTO `act_hi_varinst` VALUES ('e4e5d6c1-8ea1-11ed-8742-f20af69b3e23', 'e4e5d6c0-8ea1-11ed-8742-f20af69b3e23', 'e4e5d6c0-8ea1-11ed-8742-f20af69b3e23', NULL, 'hours', 'long', 0, NULL, NULL, 24, '24', NULL, '2023-01-07 23:42:29.950', '2023-01-07 23:42:29.950');
INSERT INTO `act_hi_varinst` VALUES ('e4e5fdd4-8ea1-11ed-8742-f20af69b3e23', 'e4e5d6c0-8ea1-11ed-8742-f20af69b3e23', 'e4e5d6c0-8ea1-11ed-8742-f20af69b3e23', NULL, 'activity', 'serializable', 0, 'e4e5fdd5-8ea1-11ed-8742-f20af69b3e23', NULL, NULL, NULL, NULL, '2023-01-07 23:42:29.951', '2023-01-07 23:42:29.951');
INSERT INTO `act_hi_varinst` VALUES ('e4e5fdd8-8ea1-11ed-8742-f20af69b3e23', 'e4e5d6c0-8ea1-11ed-8742-f20af69b3e23', 'e4e5d6c0-8ea1-11ed-8742-f20af69b3e23', NULL, 'dueDate', 'date', 0, NULL, NULL, 1673193600000, NULL, NULL, '2023-01-07 23:42:29.951', '2023-01-07 23:42:29.951');
INSERT INTO `act_hi_varinst` VALUES ('e4e5fdda-8ea1-11ed-8742-f20af69b3e23', 'e4e5d6c0-8ea1-11ed-8742-f20af69b3e23', 'e4e5d6c0-8ea1-11ed-8742-f20af69b3e23', NULL, 'end', 'date', 0, NULL, NULL, 1673280000000, NULL, NULL, '2023-01-07 23:42:29.951', '2023-01-07 23:42:29.951');
INSERT INTO `act_hi_varinst` VALUES ('e4e5fddc-8ea1-11ed-8742-f20af69b3e23', 'e4e5d6c0-8ea1-11ed-8742-f20af69b3e23', 'e4e5d6c0-8ea1-11ed-8742-f20af69b3e23', NULL, 'assignee0', 'string', 0, NULL, NULL, NULL, '2019131101', NULL, '2023-01-07 23:42:29.951', '2023-01-07 23:42:29.951');
INSERT INTO `act_hi_varinst` VALUES ('e4e5fdde-8ea1-11ed-8742-f20af69b3e23', 'e4e5d6c0-8ea1-11ed-8742-f20af69b3e23', 'e4e5d6c0-8ea1-11ed-8742-f20af69b3e23', NULL, 'bussinessKey', 'string', 0, NULL, NULL, NULL, 'activity:1611750127594151938', NULL, '2023-01-07 23:42:29.951', '2023-01-07 23:42:29.951');
INSERT INTO `act_hi_varinst` VALUES ('e4e5fde0-8ea1-11ed-8742-f20af69b3e23', 'e4e5d6c0-8ea1-11ed-8742-f20af69b3e23', 'e4e5d6c0-8ea1-11ed-8742-f20af69b3e23', NULL, 'begin', 'date', 0, NULL, NULL, 1673193600000, NULL, NULL, '2023-01-07 23:42:29.951', '2023-01-07 23:42:29.951');
INSERT INTO `act_hi_varinst` VALUES ('e4e5fde2-8ea1-11ed-8742-f20af69b3e23', 'e4e5d6c0-8ea1-11ed-8742-f20af69b3e23', 'e4e5d6c0-8ea1-11ed-8742-f20af69b3e23', NULL, 'assignee1', 'string', 0, NULL, NULL, NULL, '1610753781743542273', NULL, '2023-01-07 23:42:29.951', '2023-01-07 23:42:29.951');
INSERT INTO `act_hi_varinst` VALUES ('fca7affd-8ea1-11ed-8742-f20af69b3e23', 'e4e5d6c0-8ea1-11ed-8742-f20af69b3e23', 'e4e5d6c0-8ea1-11ed-8742-f20af69b3e23', NULL, 'assignee2', 'string', 0, NULL, NULL, NULL, '1610754019262783490', NULL, '2023-01-07 23:43:09.808', '2023-01-07 23:43:09.808');

-- ----------------------------
-- Table structure for act_procdef_info
-- ----------------------------
DROP TABLE IF EXISTS `act_procdef_info`;
CREATE TABLE `act_procdef_info`  (
  `ID_` varchar(64) CHARACTER SET utf8 COLLATE utf8_bin NOT NULL,
  `PROC_DEF_ID_` varchar(64) CHARACTER SET utf8 COLLATE utf8_bin NOT NULL,
  `REV_` int(0) NULL DEFAULT NULL,
  `INFO_JSON_ID_` varchar(64) CHARACTER SET utf8 COLLATE utf8_bin NULL DEFAULT NULL,
  PRIMARY KEY (`ID_`) USING BTREE,
  UNIQUE INDEX `ACT_UNIQ_INFO_PROCDEF`(`PROC_DEF_ID_`) USING BTREE,
  INDEX `ACT_IDX_INFO_PROCDEF`(`PROC_DEF_ID_`) USING BTREE,
  INDEX `ACT_FK_INFO_JSON_BA`(`INFO_JSON_ID_`) USING BTREE,
  CONSTRAINT `ACT_FK_INFO_JSON_BA` FOREIGN KEY (`INFO_JSON_ID_`) REFERENCES `act_ge_bytearray` (`ID_`) ON DELETE RESTRICT ON UPDATE RESTRICT,
  CONSTRAINT `ACT_FK_INFO_PROCDEF` FOREIGN KEY (`PROC_DEF_ID_`) REFERENCES `act_re_procdef` (`ID_`) ON DELETE RESTRICT ON UPDATE RESTRICT
) ENGINE = InnoDB CHARACTER SET = utf8 COLLATE = utf8_bin ROW_FORMAT = Dynamic;

-- ----------------------------
-- Table structure for act_re_deployment
-- ----------------------------
DROP TABLE IF EXISTS `act_re_deployment`;
CREATE TABLE `act_re_deployment`  (
  `ID_` varchar(64) CHARACTER SET utf8 COLLATE utf8_bin NOT NULL,
  `NAME_` varchar(255) CHARACTER SET utf8 COLLATE utf8_bin NULL DEFAULT NULL,
  `CATEGORY_` varchar(255) CHARACTER SET utf8 COLLATE utf8_bin NULL DEFAULT NULL,
  `KEY_` varchar(255) CHARACTER SET utf8 COLLATE utf8_bin NULL DEFAULT NULL,
  `TENANT_ID_` varchar(255) CHARACTER SET utf8 COLLATE utf8_bin NULL DEFAULT '',
  `DEPLOY_TIME_` timestamp(3) NULL DEFAULT NULL,
  `ENGINE_VERSION_` varchar(255) CHARACTER SET utf8 COLLATE utf8_bin NULL DEFAULT NULL,
  PRIMARY KEY (`ID_`) USING BTREE
) ENGINE = InnoDB CHARACTER SET = utf8 COLLATE = utf8_bin ROW_FORMAT = Dynamic;

-- ----------------------------
-- Records of act_re_deployment
-- ----------------------------
INSERT INTO `act_re_deployment` VALUES ('9f33be7e-bf3a-11ed-ab8b-f20af69b3e23', 'activity', NULL, NULL, '', '2023-03-10 19:56:41.833', NULL);

-- ----------------------------
-- Table structure for act_re_model
-- ----------------------------
DROP TABLE IF EXISTS `act_re_model`;
CREATE TABLE `act_re_model`  (
  `ID_` varchar(64) CHARACTER SET utf8 COLLATE utf8_bin NOT NULL,
  `REV_` int(0) NULL DEFAULT NULL,
  `NAME_` varchar(255) CHARACTER SET utf8 COLLATE utf8_bin NULL DEFAULT NULL,
  `KEY_` varchar(255) CHARACTER SET utf8 COLLATE utf8_bin NULL DEFAULT NULL,
  `CATEGORY_` varchar(255) CHARACTER SET utf8 COLLATE utf8_bin NULL DEFAULT NULL,
  `CREATE_TIME_` timestamp(3) NULL DEFAULT NULL,
  `LAST_UPDATE_TIME_` timestamp(3) NULL DEFAULT NULL,
  `VERSION_` int(0) NULL DEFAULT NULL,
  `META_INFO_` varchar(4000) CHARACTER SET utf8 COLLATE utf8_bin NULL DEFAULT NULL,
  `DEPLOYMENT_ID_` varchar(64) CHARACTER SET utf8 COLLATE utf8_bin NULL DEFAULT NULL,
  `EDITOR_SOURCE_VALUE_ID_` varchar(64) CHARACTER SET utf8 COLLATE utf8_bin NULL DEFAULT NULL,
  `EDITOR_SOURCE_EXTRA_VALUE_ID_` varchar(64) CHARACTER SET utf8 COLLATE utf8_bin NULL DEFAULT NULL,
  `TENANT_ID_` varchar(255) CHARACTER SET utf8 COLLATE utf8_bin NULL DEFAULT '',
  PRIMARY KEY (`ID_`) USING BTREE,
  INDEX `ACT_FK_MODEL_SOURCE`(`EDITOR_SOURCE_VALUE_ID_`) USING BTREE,
  INDEX `ACT_FK_MODEL_SOURCE_EXTRA`(`EDITOR_SOURCE_EXTRA_VALUE_ID_`) USING BTREE,
  INDEX `ACT_FK_MODEL_DEPLOYMENT`(`DEPLOYMENT_ID_`) USING BTREE,
  CONSTRAINT `ACT_FK_MODEL_DEPLOYMENT` FOREIGN KEY (`DEPLOYMENT_ID_`) REFERENCES `act_re_deployment` (`ID_`) ON DELETE RESTRICT ON UPDATE RESTRICT,
  CONSTRAINT `ACT_FK_MODEL_SOURCE` FOREIGN KEY (`EDITOR_SOURCE_VALUE_ID_`) REFERENCES `act_ge_bytearray` (`ID_`) ON DELETE RESTRICT ON UPDATE RESTRICT,
  CONSTRAINT `ACT_FK_MODEL_SOURCE_EXTRA` FOREIGN KEY (`EDITOR_SOURCE_EXTRA_VALUE_ID_`) REFERENCES `act_ge_bytearray` (`ID_`) ON DELETE RESTRICT ON UPDATE RESTRICT
) ENGINE = InnoDB CHARACTER SET = utf8 COLLATE = utf8_bin ROW_FORMAT = Dynamic;

-- ----------------------------
-- Table structure for act_re_procdef
-- ----------------------------
DROP TABLE IF EXISTS `act_re_procdef`;
CREATE TABLE `act_re_procdef`  (
  `ID_` varchar(64) CHARACTER SET utf8 COLLATE utf8_bin NOT NULL,
  `REV_` int(0) NULL DEFAULT NULL,
  `CATEGORY_` varchar(255) CHARACTER SET utf8 COLLATE utf8_bin NULL DEFAULT NULL,
  `NAME_` varchar(255) CHARACTER SET utf8 COLLATE utf8_bin NULL DEFAULT NULL,
  `KEY_` varchar(255) CHARACTER SET utf8 COLLATE utf8_bin NOT NULL,
  `VERSION_` int(0) NOT NULL,
  `DEPLOYMENT_ID_` varchar(64) CHARACTER SET utf8 COLLATE utf8_bin NULL DEFAULT NULL,
  `RESOURCE_NAME_` varchar(4000) CHARACTER SET utf8 COLLATE utf8_bin NULL DEFAULT NULL,
  `DGRM_RESOURCE_NAME_` varchar(4000) CHARACTER SET utf8 COLLATE utf8_bin NULL DEFAULT NULL,
  `DESCRIPTION_` varchar(4000) CHARACTER SET utf8 COLLATE utf8_bin NULL DEFAULT NULL,
  `HAS_START_FORM_KEY_` tinyint(0) NULL DEFAULT NULL,
  `HAS_GRAPHICAL_NOTATION_` tinyint(0) NULL DEFAULT NULL,
  `SUSPENSION_STATE_` int(0) NULL DEFAULT NULL,
  `TENANT_ID_` varchar(255) CHARACTER SET utf8 COLLATE utf8_bin NULL DEFAULT '',
  `ENGINE_VERSION_` varchar(255) CHARACTER SET utf8 COLLATE utf8_bin NULL DEFAULT NULL,
  PRIMARY KEY (`ID_`) USING BTREE,
  UNIQUE INDEX `ACT_UNIQ_PROCDEF`(`KEY_`, `VERSION_`, `TENANT_ID_`) USING BTREE
) ENGINE = InnoDB CHARACTER SET = utf8 COLLATE = utf8_bin ROW_FORMAT = Dynamic;

-- ----------------------------
-- Records of act_re_procdef
-- ----------------------------
INSERT INTO `act_re_procdef` VALUES ('activity:1:9f351e10-bf3a-11ed-ab8b-f20af69b3e23', 1, 'http://www.activiti.org/processdef', 'activity', 'activity', 1, '9f33be7e-bf3a-11ed-ab8b-f20af69b3e23', 'processes/activity.bpmn20.xml', NULL, NULL, 0, 1, 1, '', NULL);

-- ----------------------------
-- Table structure for act_ru_deadletter_job
-- ----------------------------
DROP TABLE IF EXISTS `act_ru_deadletter_job`;
CREATE TABLE `act_ru_deadletter_job`  (
  `ID_` varchar(64) CHARACTER SET utf8 COLLATE utf8_bin NOT NULL,
  `REV_` int(0) NULL DEFAULT NULL,
  `TYPE_` varchar(255) CHARACTER SET utf8 COLLATE utf8_bin NOT NULL,
  `EXCLUSIVE_` tinyint(1) NULL DEFAULT NULL,
  `EXECUTION_ID_` varchar(64) CHARACTER SET utf8 COLLATE utf8_bin NULL DEFAULT NULL,
  `PROCESS_INSTANCE_ID_` varchar(64) CHARACTER SET utf8 COLLATE utf8_bin NULL DEFAULT NULL,
  `PROC_DEF_ID_` varchar(64) CHARACTER SET utf8 COLLATE utf8_bin NULL DEFAULT NULL,
  `EXCEPTION_STACK_ID_` varchar(64) CHARACTER SET utf8 COLLATE utf8_bin NULL DEFAULT NULL,
  `EXCEPTION_MSG_` varchar(4000) CHARACTER SET utf8 COLLATE utf8_bin NULL DEFAULT NULL,
  `DUEDATE_` timestamp(3) NULL DEFAULT NULL,
  `REPEAT_` varchar(255) CHARACTER SET utf8 COLLATE utf8_bin NULL DEFAULT NULL,
  `HANDLER_TYPE_` varchar(255) CHARACTER SET utf8 COLLATE utf8_bin NULL DEFAULT NULL,
  `HANDLER_CFG_` varchar(4000) CHARACTER SET utf8 COLLATE utf8_bin NULL DEFAULT NULL,
  `TENANT_ID_` varchar(255) CHARACTER SET utf8 COLLATE utf8_bin NULL DEFAULT '',
  PRIMARY KEY (`ID_`) USING BTREE,
  INDEX `ACT_FK_DEADLETTER_JOB_EXECUTION`(`EXECUTION_ID_`) USING BTREE,
  INDEX `ACT_FK_DEADLETTER_JOB_PROCESS_INSTANCE`(`PROCESS_INSTANCE_ID_`) USING BTREE,
  INDEX `ACT_FK_DEADLETTER_JOB_PROC_DEF`(`PROC_DEF_ID_`) USING BTREE,
  INDEX `ACT_FK_DEADLETTER_JOB_EXCEPTION`(`EXCEPTION_STACK_ID_`) USING BTREE,
  CONSTRAINT `ACT_FK_DEADLETTER_JOB_EXCEPTION` FOREIGN KEY (`EXCEPTION_STACK_ID_`) REFERENCES `act_ge_bytearray` (`ID_`) ON DELETE RESTRICT ON UPDATE RESTRICT,
  CONSTRAINT `ACT_FK_DEADLETTER_JOB_EXECUTION` FOREIGN KEY (`EXECUTION_ID_`) REFERENCES `act_ru_execution` (`ID_`) ON DELETE RESTRICT ON UPDATE RESTRICT,
  CONSTRAINT `ACT_FK_DEADLETTER_JOB_PROC_DEF` FOREIGN KEY (`PROC_DEF_ID_`) REFERENCES `act_re_procdef` (`ID_`) ON DELETE RESTRICT ON UPDATE RESTRICT,
  CONSTRAINT `ACT_FK_DEADLETTER_JOB_PROCESS_INSTANCE` FOREIGN KEY (`PROCESS_INSTANCE_ID_`) REFERENCES `act_ru_execution` (`ID_`) ON DELETE RESTRICT ON UPDATE RESTRICT
) ENGINE = InnoDB CHARACTER SET = utf8 COLLATE = utf8_bin ROW_FORMAT = Dynamic;

-- ----------------------------
-- Table structure for act_ru_event_subscr
-- ----------------------------
DROP TABLE IF EXISTS `act_ru_event_subscr`;
CREATE TABLE `act_ru_event_subscr`  (
  `ID_` varchar(64) CHARACTER SET utf8 COLLATE utf8_bin NOT NULL,
  `REV_` int(0) NULL DEFAULT NULL,
  `EVENT_TYPE_` varchar(255) CHARACTER SET utf8 COLLATE utf8_bin NOT NULL,
  `EVENT_NAME_` varchar(255) CHARACTER SET utf8 COLLATE utf8_bin NULL DEFAULT NULL,
  `EXECUTION_ID_` varchar(64) CHARACTER SET utf8 COLLATE utf8_bin NULL DEFAULT NULL,
  `PROC_INST_ID_` varchar(64) CHARACTER SET utf8 COLLATE utf8_bin NULL DEFAULT NULL,
  `ACTIVITY_ID_` varchar(64) CHARACTER SET utf8 COLLATE utf8_bin NULL DEFAULT NULL,
  `CONFIGURATION_` varchar(255) CHARACTER SET utf8 COLLATE utf8_bin NULL DEFAULT NULL,
  `CREATED_` timestamp(3) NOT NULL DEFAULT CURRENT_TIMESTAMP(3),
  `PROC_DEF_ID_` varchar(64) CHARACTER SET utf8 COLLATE utf8_bin NULL DEFAULT NULL,
  `TENANT_ID_` varchar(255) CHARACTER SET utf8 COLLATE utf8_bin NULL DEFAULT '',
  PRIMARY KEY (`ID_`) USING BTREE,
  INDEX `ACT_IDX_EVENT_SUBSCR_CONFIG_`(`CONFIGURATION_`) USING BTREE,
  INDEX `ACT_FK_EVENT_EXEC`(`EXECUTION_ID_`) USING BTREE,
  CONSTRAINT `ACT_FK_EVENT_EXEC` FOREIGN KEY (`EXECUTION_ID_`) REFERENCES `act_ru_execution` (`ID_`) ON DELETE RESTRICT ON UPDATE RESTRICT
) ENGINE = InnoDB CHARACTER SET = utf8 COLLATE = utf8_bin ROW_FORMAT = Dynamic;

-- ----------------------------
-- Table structure for act_ru_execution
-- ----------------------------
DROP TABLE IF EXISTS `act_ru_execution`;
CREATE TABLE `act_ru_execution`  (
  `ID_` varchar(64) CHARACTER SET utf8 COLLATE utf8_bin NOT NULL,
  `REV_` int(0) NULL DEFAULT NULL,
  `PROC_INST_ID_` varchar(64) CHARACTER SET utf8 COLLATE utf8_bin NULL DEFAULT NULL,
  `BUSINESS_KEY_` varchar(255) CHARACTER SET utf8 COLLATE utf8_bin NULL DEFAULT NULL,
  `PARENT_ID_` varchar(64) CHARACTER SET utf8 COLLATE utf8_bin NULL DEFAULT NULL,
  `PROC_DEF_ID_` varchar(64) CHARACTER SET utf8 COLLATE utf8_bin NULL DEFAULT NULL,
  `SUPER_EXEC_` varchar(64) CHARACTER SET utf8 COLLATE utf8_bin NULL DEFAULT NULL,
  `ROOT_PROC_INST_ID_` varchar(64) CHARACTER SET utf8 COLLATE utf8_bin NULL DEFAULT NULL,
  `ACT_ID_` varchar(255) CHARACTER SET utf8 COLLATE utf8_bin NULL DEFAULT NULL,
  `IS_ACTIVE_` tinyint(0) NULL DEFAULT NULL,
  `IS_CONCURRENT_` tinyint(0) NULL DEFAULT NULL,
  `IS_SCOPE_` tinyint(0) NULL DEFAULT NULL,
  `IS_EVENT_SCOPE_` tinyint(0) NULL DEFAULT NULL,
  `IS_MI_ROOT_` tinyint(0) NULL DEFAULT NULL,
  `SUSPENSION_STATE_` int(0) NULL DEFAULT NULL,
  `CACHED_ENT_STATE_` int(0) NULL DEFAULT NULL,
  `TENANT_ID_` varchar(255) CHARACTER SET utf8 COLLATE utf8_bin NULL DEFAULT '',
  `NAME_` varchar(255) CHARACTER SET utf8 COLLATE utf8_bin NULL DEFAULT NULL,
  `START_TIME_` datetime(3) NULL DEFAULT NULL,
  `START_USER_ID_` varchar(255) CHARACTER SET utf8 COLLATE utf8_bin NULL DEFAULT NULL,
  `LOCK_TIME_` timestamp(3) NULL DEFAULT NULL,
  `IS_COUNT_ENABLED_` tinyint(0) NULL DEFAULT NULL,
  `EVT_SUBSCR_COUNT_` int(0) NULL DEFAULT NULL,
  `TASK_COUNT_` int(0) NULL DEFAULT NULL,
  `JOB_COUNT_` int(0) NULL DEFAULT NULL,
  `TIMER_JOB_COUNT_` int(0) NULL DEFAULT NULL,
  `SUSP_JOB_COUNT_` int(0) NULL DEFAULT NULL,
  `DEADLETTER_JOB_COUNT_` int(0) NULL DEFAULT NULL,
  `VAR_COUNT_` int(0) NULL DEFAULT NULL,
  `ID_LINK_COUNT_` int(0) NULL DEFAULT NULL,
  PRIMARY KEY (`ID_`) USING BTREE,
  INDEX `ACT_IDX_EXEC_BUSKEY`(`BUSINESS_KEY_`) USING BTREE,
  INDEX `ACT_IDC_EXEC_ROOT`(`ROOT_PROC_INST_ID_`) USING BTREE,
  INDEX `ACT_FK_EXE_PROCINST`(`PROC_INST_ID_`) USING BTREE,
  INDEX `ACT_FK_EXE_PARENT`(`PARENT_ID_`) USING BTREE,
  INDEX `ACT_FK_EXE_SUPER`(`SUPER_EXEC_`) USING BTREE,
  INDEX `ACT_FK_EXE_PROCDEF`(`PROC_DEF_ID_`) USING BTREE,
  CONSTRAINT `ACT_FK_EXE_PARENT` FOREIGN KEY (`PARENT_ID_`) REFERENCES `act_ru_execution` (`ID_`) ON DELETE CASCADE ON UPDATE RESTRICT,
  CONSTRAINT `ACT_FK_EXE_PROCDEF` FOREIGN KEY (`PROC_DEF_ID_`) REFERENCES `act_re_procdef` (`ID_`) ON DELETE RESTRICT ON UPDATE RESTRICT,
  CONSTRAINT `ACT_FK_EXE_PROCINST` FOREIGN KEY (`PROC_INST_ID_`) REFERENCES `act_ru_execution` (`ID_`) ON DELETE CASCADE ON UPDATE CASCADE,
  CONSTRAINT `ACT_FK_EXE_SUPER` FOREIGN KEY (`SUPER_EXEC_`) REFERENCES `act_ru_execution` (`ID_`) ON DELETE CASCADE ON UPDATE RESTRICT
) ENGINE = InnoDB CHARACTER SET = utf8 COLLATE = utf8_bin ROW_FORMAT = Dynamic;

-- ----------------------------
-- Table structure for act_ru_identitylink
-- ----------------------------
DROP TABLE IF EXISTS `act_ru_identitylink`;
CREATE TABLE `act_ru_identitylink`  (
  `ID_` varchar(64) CHARACTER SET utf8 COLLATE utf8_bin NOT NULL,
  `REV_` int(0) NULL DEFAULT NULL,
  `GROUP_ID_` varchar(255) CHARACTER SET utf8 COLLATE utf8_bin NULL DEFAULT NULL,
  `TYPE_` varchar(255) CHARACTER SET utf8 COLLATE utf8_bin NULL DEFAULT NULL,
  `USER_ID_` varchar(255) CHARACTER SET utf8 COLLATE utf8_bin NULL DEFAULT NULL,
  `TASK_ID_` varchar(64) CHARACTER SET utf8 COLLATE utf8_bin NULL DEFAULT NULL,
  `PROC_INST_ID_` varchar(64) CHARACTER SET utf8 COLLATE utf8_bin NULL DEFAULT NULL,
  `PROC_DEF_ID_` varchar(64) CHARACTER SET utf8 COLLATE utf8_bin NULL DEFAULT NULL,
  PRIMARY KEY (`ID_`) USING BTREE,
  INDEX `ACT_IDX_IDENT_LNK_USER`(`USER_ID_`) USING BTREE,
  INDEX `ACT_IDX_IDENT_LNK_GROUP`(`GROUP_ID_`) USING BTREE,
  INDEX `ACT_IDX_ATHRZ_PROCEDEF`(`PROC_DEF_ID_`) USING BTREE,
  INDEX `ACT_FK_TSKASS_TASK`(`TASK_ID_`) USING BTREE,
  INDEX `ACT_FK_IDL_PROCINST`(`PROC_INST_ID_`) USING BTREE,
  CONSTRAINT `ACT_FK_ATHRZ_PROCEDEF` FOREIGN KEY (`PROC_DEF_ID_`) REFERENCES `act_re_procdef` (`ID_`) ON DELETE RESTRICT ON UPDATE RESTRICT,
  CONSTRAINT `ACT_FK_IDL_PROCINST` FOREIGN KEY (`PROC_INST_ID_`) REFERENCES `act_ru_execution` (`ID_`) ON DELETE RESTRICT ON UPDATE RESTRICT,
  CONSTRAINT `ACT_FK_TSKASS_TASK` FOREIGN KEY (`TASK_ID_`) REFERENCES `act_ru_task` (`ID_`) ON DELETE RESTRICT ON UPDATE RESTRICT
) ENGINE = InnoDB CHARACTER SET = utf8 COLLATE = utf8_bin ROW_FORMAT = Dynamic;

-- ----------------------------
-- Table structure for act_ru_integration
-- ----------------------------
DROP TABLE IF EXISTS `act_ru_integration`;
CREATE TABLE `act_ru_integration`  (
  `ID_` varchar(64) CHARACTER SET utf8 COLLATE utf8_bin NOT NULL,
  `EXECUTION_ID_` varchar(64) CHARACTER SET utf8 COLLATE utf8_bin NULL DEFAULT NULL,
  `PROCESS_INSTANCE_ID_` varchar(64) CHARACTER SET utf8 COLLATE utf8_bin NULL DEFAULT NULL,
  `PROC_DEF_ID_` varchar(64) CHARACTER SET utf8 COLLATE utf8_bin NULL DEFAULT NULL,
  `FLOW_NODE_ID_` varchar(64) CHARACTER SET utf8 COLLATE utf8_bin NULL DEFAULT NULL,
  `CREATED_DATE_` timestamp(3) NULL DEFAULT NULL,
  PRIMARY KEY (`ID_`) USING BTREE,
  INDEX `ACT_FK_INT_EXECUTION`(`EXECUTION_ID_`) USING BTREE,
  INDEX `ACT_FK_INT_PROC_INST`(`PROCESS_INSTANCE_ID_`) USING BTREE,
  INDEX `ACT_FK_INT_PROC_DEF`(`PROC_DEF_ID_`) USING BTREE,
  CONSTRAINT `ACT_FK_INT_EXECUTION` FOREIGN KEY (`EXECUTION_ID_`) REFERENCES `act_ru_execution` (`ID_`) ON DELETE CASCADE ON UPDATE RESTRICT,
  CONSTRAINT `ACT_FK_INT_PROC_DEF` FOREIGN KEY (`PROC_DEF_ID_`) REFERENCES `act_re_procdef` (`ID_`) ON DELETE RESTRICT ON UPDATE RESTRICT,
  CONSTRAINT `ACT_FK_INT_PROC_INST` FOREIGN KEY (`PROCESS_INSTANCE_ID_`) REFERENCES `act_ru_execution` (`ID_`) ON DELETE RESTRICT ON UPDATE RESTRICT
) ENGINE = InnoDB CHARACTER SET = utf8 COLLATE = utf8_bin ROW_FORMAT = Dynamic;

-- ----------------------------
-- Table structure for act_ru_job
-- ----------------------------
DROP TABLE IF EXISTS `act_ru_job`;
CREATE TABLE `act_ru_job`  (
  `ID_` varchar(64) CHARACTER SET utf8 COLLATE utf8_bin NOT NULL,
  `REV_` int(0) NULL DEFAULT NULL,
  `TYPE_` varchar(255) CHARACTER SET utf8 COLLATE utf8_bin NOT NULL,
  `LOCK_EXP_TIME_` timestamp(3) NULL DEFAULT NULL,
  `LOCK_OWNER_` varchar(255) CHARACTER SET utf8 COLLATE utf8_bin NULL DEFAULT NULL,
  `EXCLUSIVE_` tinyint(1) NULL DEFAULT NULL,
  `EXECUTION_ID_` varchar(64) CHARACTER SET utf8 COLLATE utf8_bin NULL DEFAULT NULL,
  `PROCESS_INSTANCE_ID_` varchar(64) CHARACTER SET utf8 COLLATE utf8_bin NULL DEFAULT NULL,
  `PROC_DEF_ID_` varchar(64) CHARACTER SET utf8 COLLATE utf8_bin NULL DEFAULT NULL,
  `RETRIES_` int(0) NULL DEFAULT NULL,
  `EXCEPTION_STACK_ID_` varchar(64) CHARACTER SET utf8 COLLATE utf8_bin NULL DEFAULT NULL,
  `EXCEPTION_MSG_` varchar(4000) CHARACTER SET utf8 COLLATE utf8_bin NULL DEFAULT NULL,
  `DUEDATE_` timestamp(3) NULL DEFAULT NULL,
  `REPEAT_` varchar(255) CHARACTER SET utf8 COLLATE utf8_bin NULL DEFAULT NULL,
  `HANDLER_TYPE_` varchar(255) CHARACTER SET utf8 COLLATE utf8_bin NULL DEFAULT NULL,
  `HANDLER_CFG_` varchar(4000) CHARACTER SET utf8 COLLATE utf8_bin NULL DEFAULT NULL,
  `TENANT_ID_` varchar(255) CHARACTER SET utf8 COLLATE utf8_bin NULL DEFAULT '',
  PRIMARY KEY (`ID_`) USING BTREE,
  INDEX `ACT_FK_JOB_EXECUTION`(`EXECUTION_ID_`) USING BTREE,
  INDEX `ACT_FK_JOB_PROCESS_INSTANCE`(`PROCESS_INSTANCE_ID_`) USING BTREE,
  INDEX `ACT_FK_JOB_PROC_DEF`(`PROC_DEF_ID_`) USING BTREE,
  INDEX `ACT_FK_JOB_EXCEPTION`(`EXCEPTION_STACK_ID_`) USING BTREE,
  CONSTRAINT `ACT_FK_JOB_EXCEPTION` FOREIGN KEY (`EXCEPTION_STACK_ID_`) REFERENCES `act_ge_bytearray` (`ID_`) ON DELETE RESTRICT ON UPDATE RESTRICT,
  CONSTRAINT `ACT_FK_JOB_EXECUTION` FOREIGN KEY (`EXECUTION_ID_`) REFERENCES `act_ru_execution` (`ID_`) ON DELETE RESTRICT ON UPDATE RESTRICT,
  CONSTRAINT `ACT_FK_JOB_PROC_DEF` FOREIGN KEY (`PROC_DEF_ID_`) REFERENCES `act_re_procdef` (`ID_`) ON DELETE RESTRICT ON UPDATE RESTRICT,
  CONSTRAINT `ACT_FK_JOB_PROCESS_INSTANCE` FOREIGN KEY (`PROCESS_INSTANCE_ID_`) REFERENCES `act_ru_execution` (`ID_`) ON DELETE RESTRICT ON UPDATE RESTRICT
) ENGINE = InnoDB CHARACTER SET = utf8 COLLATE = utf8_bin ROW_FORMAT = Dynamic;

-- ----------------------------
-- Table structure for act_ru_suspended_job
-- ----------------------------
DROP TABLE IF EXISTS `act_ru_suspended_job`;
CREATE TABLE `act_ru_suspended_job`  (
  `ID_` varchar(64) CHARACTER SET utf8 COLLATE utf8_bin NOT NULL,
  `REV_` int(0) NULL DEFAULT NULL,
  `TYPE_` varchar(255) CHARACTER SET utf8 COLLATE utf8_bin NOT NULL,
  `EXCLUSIVE_` tinyint(1) NULL DEFAULT NULL,
  `EXECUTION_ID_` varchar(64) CHARACTER SET utf8 COLLATE utf8_bin NULL DEFAULT NULL,
  `PROCESS_INSTANCE_ID_` varchar(64) CHARACTER SET utf8 COLLATE utf8_bin NULL DEFAULT NULL,
  `PROC_DEF_ID_` varchar(64) CHARACTER SET utf8 COLLATE utf8_bin NULL DEFAULT NULL,
  `RETRIES_` int(0) NULL DEFAULT NULL,
  `EXCEPTION_STACK_ID_` varchar(64) CHARACTER SET utf8 COLLATE utf8_bin NULL DEFAULT NULL,
  `EXCEPTION_MSG_` varchar(4000) CHARACTER SET utf8 COLLATE utf8_bin NULL DEFAULT NULL,
  `DUEDATE_` timestamp(3) NULL DEFAULT NULL,
  `REPEAT_` varchar(255) CHARACTER SET utf8 COLLATE utf8_bin NULL DEFAULT NULL,
  `HANDLER_TYPE_` varchar(255) CHARACTER SET utf8 COLLATE utf8_bin NULL DEFAULT NULL,
  `HANDLER_CFG_` varchar(4000) CHARACTER SET utf8 COLLATE utf8_bin NULL DEFAULT NULL,
  `TENANT_ID_` varchar(255) CHARACTER SET utf8 COLLATE utf8_bin NULL DEFAULT '',
  PRIMARY KEY (`ID_`) USING BTREE,
  INDEX `ACT_FK_SUSPENDED_JOB_EXECUTION`(`EXECUTION_ID_`) USING BTREE,
  INDEX `ACT_FK_SUSPENDED_JOB_PROCESS_INSTANCE`(`PROCESS_INSTANCE_ID_`) USING BTREE,
  INDEX `ACT_FK_SUSPENDED_JOB_PROC_DEF`(`PROC_DEF_ID_`) USING BTREE,
  INDEX `ACT_FK_SUSPENDED_JOB_EXCEPTION`(`EXCEPTION_STACK_ID_`) USING BTREE,
  CONSTRAINT `ACT_FK_SUSPENDED_JOB_EXCEPTION` FOREIGN KEY (`EXCEPTION_STACK_ID_`) REFERENCES `act_ge_bytearray` (`ID_`) ON DELETE RESTRICT ON UPDATE RESTRICT,
  CONSTRAINT `ACT_FK_SUSPENDED_JOB_EXECUTION` FOREIGN KEY (`EXECUTION_ID_`) REFERENCES `act_ru_execution` (`ID_`) ON DELETE RESTRICT ON UPDATE RESTRICT,
  CONSTRAINT `ACT_FK_SUSPENDED_JOB_PROC_DEF` FOREIGN KEY (`PROC_DEF_ID_`) REFERENCES `act_re_procdef` (`ID_`) ON DELETE RESTRICT ON UPDATE RESTRICT,
  CONSTRAINT `ACT_FK_SUSPENDED_JOB_PROCESS_INSTANCE` FOREIGN KEY (`PROCESS_INSTANCE_ID_`) REFERENCES `act_ru_execution` (`ID_`) ON DELETE RESTRICT ON UPDATE RESTRICT
) ENGINE = InnoDB CHARACTER SET = utf8 COLLATE = utf8_bin ROW_FORMAT = Dynamic;

-- ----------------------------
-- Table structure for act_ru_task
-- ----------------------------
DROP TABLE IF EXISTS `act_ru_task`;
CREATE TABLE `act_ru_task`  (
  `ID_` varchar(64) CHARACTER SET utf8 COLLATE utf8_bin NOT NULL,
  `REV_` int(0) NULL DEFAULT NULL,
  `EXECUTION_ID_` varchar(64) CHARACTER SET utf8 COLLATE utf8_bin NULL DEFAULT NULL,
  `PROC_INST_ID_` varchar(64) CHARACTER SET utf8 COLLATE utf8_bin NULL DEFAULT NULL,
  `PROC_DEF_ID_` varchar(64) CHARACTER SET utf8 COLLATE utf8_bin NULL DEFAULT NULL,
  `NAME_` varchar(255) CHARACTER SET utf8 COLLATE utf8_bin NULL DEFAULT NULL,
  `PARENT_TASK_ID_` varchar(64) CHARACTER SET utf8 COLLATE utf8_bin NULL DEFAULT NULL,
  `DESCRIPTION_` varchar(4000) CHARACTER SET utf8 COLLATE utf8_bin NULL DEFAULT NULL,
  `TASK_DEF_KEY_` varchar(255) CHARACTER SET utf8 COLLATE utf8_bin NULL DEFAULT NULL,
  `OWNER_` varchar(255) CHARACTER SET utf8 COLLATE utf8_bin NULL DEFAULT NULL,
  `ASSIGNEE_` varchar(255) CHARACTER SET utf8 COLLATE utf8_bin NULL DEFAULT NULL,
  `DELEGATION_` varchar(64) CHARACTER SET utf8 COLLATE utf8_bin NULL DEFAULT NULL,
  `PRIORITY_` int(0) NULL DEFAULT NULL,
  `CREATE_TIME_` timestamp(3) NULL DEFAULT NULL,
  `DUE_DATE_` datetime(3) NULL DEFAULT NULL,
  `CATEGORY_` varchar(255) CHARACTER SET utf8 COLLATE utf8_bin NULL DEFAULT NULL,
  `SUSPENSION_STATE_` int(0) NULL DEFAULT NULL,
  `TENANT_ID_` varchar(255) CHARACTER SET utf8 COLLATE utf8_bin NULL DEFAULT '',
  `FORM_KEY_` varchar(255) CHARACTER SET utf8 COLLATE utf8_bin NULL DEFAULT NULL,
  `CLAIM_TIME_` datetime(3) NULL DEFAULT NULL,
  PRIMARY KEY (`ID_`) USING BTREE,
  INDEX `ACT_IDX_TASK_CREATE`(`CREATE_TIME_`) USING BTREE,
  INDEX `ACT_FK_TASK_EXE`(`EXECUTION_ID_`) USING BTREE,
  INDEX `ACT_FK_TASK_PROCINST`(`PROC_INST_ID_`) USING BTREE,
  INDEX `ACT_FK_TASK_PROCDEF`(`PROC_DEF_ID_`) USING BTREE,
  CONSTRAINT `ACT_FK_TASK_EXE` FOREIGN KEY (`EXECUTION_ID_`) REFERENCES `act_ru_execution` (`ID_`) ON DELETE RESTRICT ON UPDATE RESTRICT,
  CONSTRAINT `ACT_FK_TASK_PROCDEF` FOREIGN KEY (`PROC_DEF_ID_`) REFERENCES `act_re_procdef` (`ID_`) ON DELETE RESTRICT ON UPDATE RESTRICT,
  CONSTRAINT `ACT_FK_TASK_PROCINST` FOREIGN KEY (`PROC_INST_ID_`) REFERENCES `act_ru_execution` (`ID_`) ON DELETE RESTRICT ON UPDATE RESTRICT
) ENGINE = InnoDB CHARACTER SET = utf8 COLLATE = utf8_bin ROW_FORMAT = Dynamic;

-- ----------------------------
-- Table structure for act_ru_timer_job
-- ----------------------------
DROP TABLE IF EXISTS `act_ru_timer_job`;
CREATE TABLE `act_ru_timer_job`  (
  `ID_` varchar(64) CHARACTER SET utf8 COLLATE utf8_bin NOT NULL,
  `REV_` int(0) NULL DEFAULT NULL,
  `TYPE_` varchar(255) CHARACTER SET utf8 COLLATE utf8_bin NOT NULL,
  `LOCK_EXP_TIME_` timestamp(3) NULL DEFAULT NULL,
  `LOCK_OWNER_` varchar(255) CHARACTER SET utf8 COLLATE utf8_bin NULL DEFAULT NULL,
  `EXCLUSIVE_` tinyint(1) NULL DEFAULT NULL,
  `EXECUTION_ID_` varchar(64) CHARACTER SET utf8 COLLATE utf8_bin NULL DEFAULT NULL,
  `PROCESS_INSTANCE_ID_` varchar(64) CHARACTER SET utf8 COLLATE utf8_bin NULL DEFAULT NULL,
  `PROC_DEF_ID_` varchar(64) CHARACTER SET utf8 COLLATE utf8_bin NULL DEFAULT NULL,
  `RETRIES_` int(0) NULL DEFAULT NULL,
  `EXCEPTION_STACK_ID_` varchar(64) CHARACTER SET utf8 COLLATE utf8_bin NULL DEFAULT NULL,
  `EXCEPTION_MSG_` varchar(4000) CHARACTER SET utf8 COLLATE utf8_bin NULL DEFAULT NULL,
  `DUEDATE_` timestamp(3) NULL DEFAULT NULL,
  `REPEAT_` varchar(255) CHARACTER SET utf8 COLLATE utf8_bin NULL DEFAULT NULL,
  `HANDLER_TYPE_` varchar(255) CHARACTER SET utf8 COLLATE utf8_bin NULL DEFAULT NULL,
  `HANDLER_CFG_` varchar(4000) CHARACTER SET utf8 COLLATE utf8_bin NULL DEFAULT NULL,
  `TENANT_ID_` varchar(255) CHARACTER SET utf8 COLLATE utf8_bin NULL DEFAULT '',
  PRIMARY KEY (`ID_`) USING BTREE,
  INDEX `ACT_FK_TIMER_JOB_EXECUTION`(`EXECUTION_ID_`) USING BTREE,
  INDEX `ACT_FK_TIMER_JOB_PROCESS_INSTANCE`(`PROCESS_INSTANCE_ID_`) USING BTREE,
  INDEX `ACT_FK_TIMER_JOB_PROC_DEF`(`PROC_DEF_ID_`) USING BTREE,
  INDEX `ACT_FK_TIMER_JOB_EXCEPTION`(`EXCEPTION_STACK_ID_`) USING BTREE,
  CONSTRAINT `ACT_FK_TIMER_JOB_EXCEPTION` FOREIGN KEY (`EXCEPTION_STACK_ID_`) REFERENCES `act_ge_bytearray` (`ID_`) ON DELETE RESTRICT ON UPDATE RESTRICT,
  CONSTRAINT `ACT_FK_TIMER_JOB_EXECUTION` FOREIGN KEY (`EXECUTION_ID_`) REFERENCES `act_ru_execution` (`ID_`) ON DELETE RESTRICT ON UPDATE RESTRICT,
  CONSTRAINT `ACT_FK_TIMER_JOB_PROC_DEF` FOREIGN KEY (`PROC_DEF_ID_`) REFERENCES `act_re_procdef` (`ID_`) ON DELETE RESTRICT ON UPDATE RESTRICT,
  CONSTRAINT `ACT_FK_TIMER_JOB_PROCESS_INSTANCE` FOREIGN KEY (`PROCESS_INSTANCE_ID_`) REFERENCES `act_ru_execution` (`ID_`) ON DELETE RESTRICT ON UPDATE RESTRICT
) ENGINE = InnoDB CHARACTER SET = utf8 COLLATE = utf8_bin ROW_FORMAT = Dynamic;

-- ----------------------------
-- Table structure for act_ru_variable
-- ----------------------------
DROP TABLE IF EXISTS `act_ru_variable`;
CREATE TABLE `act_ru_variable`  (
  `ID_` varchar(64) CHARACTER SET utf8 COLLATE utf8_bin NOT NULL,
  `REV_` int(0) NULL DEFAULT NULL,
  `TYPE_` varchar(255) CHARACTER SET utf8 COLLATE utf8_bin NOT NULL,
  `NAME_` varchar(255) CHARACTER SET utf8 COLLATE utf8_bin NOT NULL,
  `EXECUTION_ID_` varchar(64) CHARACTER SET utf8 COLLATE utf8_bin NULL DEFAULT NULL,
  `PROC_INST_ID_` varchar(64) CHARACTER SET utf8 COLLATE utf8_bin NULL DEFAULT NULL,
  `TASK_ID_` varchar(64) CHARACTER SET utf8 COLLATE utf8_bin NULL DEFAULT NULL,
  `BYTEARRAY_ID_` varchar(64) CHARACTER SET utf8 COLLATE utf8_bin NULL DEFAULT NULL,
  `DOUBLE_` double NULL DEFAULT NULL,
  `LONG_` bigint(0) NULL DEFAULT NULL,
  `TEXT_` varchar(4000) CHARACTER SET utf8 COLLATE utf8_bin NULL DEFAULT NULL,
  `TEXT2_` varchar(4000) CHARACTER SET utf8 COLLATE utf8_bin NULL DEFAULT NULL,
  PRIMARY KEY (`ID_`) USING BTREE,
  INDEX `ACT_IDX_VARIABLE_TASK_ID`(`TASK_ID_`) USING BTREE,
  INDEX `ACT_FK_VAR_EXE`(`EXECUTION_ID_`) USING BTREE,
  INDEX `ACT_FK_VAR_PROCINST`(`PROC_INST_ID_`) USING BTREE,
  INDEX `ACT_FK_VAR_BYTEARRAY`(`BYTEARRAY_ID_`) USING BTREE,
  CONSTRAINT `ACT_FK_VAR_BYTEARRAY` FOREIGN KEY (`BYTEARRAY_ID_`) REFERENCES `act_ge_bytearray` (`ID_`) ON DELETE RESTRICT ON UPDATE RESTRICT,
  CONSTRAINT `ACT_FK_VAR_EXE` FOREIGN KEY (`EXECUTION_ID_`) REFERENCES `act_ru_execution` (`ID_`) ON DELETE RESTRICT ON UPDATE RESTRICT,
  CONSTRAINT `ACT_FK_VAR_PROCINST` FOREIGN KEY (`PROC_INST_ID_`) REFERENCES `act_ru_execution` (`ID_`) ON DELETE RESTRICT ON UPDATE RESTRICT
) ENGINE = InnoDB CHARACTER SET = utf8 COLLATE = utf8_bin ROW_FORMAT = Dynamic;

-- ----------------------------
-- Table structure for act_ven
-- ----------------------------
DROP TABLE IF EXISTS `act_ven`;
CREATE TABLE `act_ven`  (
  `id` varchar(19) CHARACTER SET utf8mb4 COLLATE utf8mb4_0900_ai_ci NOT NULL,
  `act_id` varchar(19) CHARACTER SET utf8mb4 COLLATE utf8mb4_0900_ai_ci NOT NULL,
  `ven_id` varchar(19) CHARACTER SET utf8mb4 COLLATE utf8mb4_0900_ai_ci NOT NULL,
  PRIMARY KEY (`id`) USING BTREE
) ENGINE = InnoDB CHARACTER SET = utf8mb4 COLLATE = utf8mb4_0900_ai_ci ROW_FORMAT = Dynamic;

-- ----------------------------
-- Records of act_ven
-- ----------------------------
INSERT INTO `act_ven` VALUES ('1612049243993841666', '1612049243926732802', '1');
INSERT INTO `act_ven` VALUES ('1612053956889993218', '1612053956889993217', '1');
INSERT INTO `act_ven` VALUES ('1612055874962026499', '1612055874962026498', '1');
INSERT INTO `act_ven` VALUES ('1612056405642145794', '1612056405642145793', '1');
INSERT INTO `act_ven` VALUES ('1612056859600056322', '1612056859537141762', '1');
INSERT INTO `act_ven` VALUES ('1612059717040959490', '1612059717040959489', '1');
INSERT INTO `act_ven` VALUES ('1612061214558482434', '1612061214558482433', '1');
INSERT INTO `act_ven` VALUES ('1612063617622011905', '1612063617613623297', '1');
INSERT INTO `act_ven` VALUES ('1612066530096418818', '1612066530088030209', '1');
INSERT INTO `act_ven` VALUES ('1612067215860928514', '1612067215860928513', '1');
INSERT INTO `act_ven` VALUES ('1612067578995380226', '1612067578995380225', '1');
INSERT INTO `act_ven` VALUES ('1612074269170282499', '1612074269170282498', '1');
INSERT INTO `act_ven` VALUES ('1612074269170282500', '1612074269170282498', '2');
INSERT INTO `act_ven` VALUES ('1612076808485810178', '1612076808418701314', '1');
INSERT INTO `act_ven` VALUES ('1612076808485810179', '1612076808418701314', '2');
INSERT INTO `act_ven` VALUES ('1612076808485810180', '1612076808418701314', '3');
INSERT INTO `act_ven` VALUES ('1612077831312977922', '1612077831300395010', '1');
INSERT INTO `act_ven` VALUES ('1612077831312977923', '1612077831300395010', '2');
INSERT INTO `act_ven` VALUES ('1612077831312977924', '1612077831300395010', '3');
INSERT INTO `act_ven` VALUES ('1612078118048182274', '1612078118048182273', '1');
INSERT INTO `act_ven` VALUES ('1612078118048182275', '1612078118048182273', '2');
INSERT INTO `act_ven` VALUES ('1612078118048182276', '1612078118048182273', '3');
INSERT INTO `act_ven` VALUES ('1612078412140195843', '1612078412140195842', '1');
INSERT INTO `act_ven` VALUES ('1612078412140195844', '1612078412140195842', '2');
INSERT INTO `act_ven` VALUES ('1612080257705259011', '1612080257705259010', '1');
INSERT INTO `act_ven` VALUES ('1612082383173001219', '1612082383173001218', '1');
INSERT INTO `act_ven` VALUES ('1612083779200950275', '1612083779200950274', '1');
INSERT INTO `act_ven` VALUES ('1612084491037253635', '1612084491037253634', '1');
INSERT INTO `act_ven` VALUES ('1612087153124253699', '1612087153124253698', '2');
INSERT INTO `act_ven` VALUES ('1612095616252452866', '1612095616252452865', '1');
INSERT INTO `act_ven` VALUES ('1612131250002231297', '1612131249939316737', '1');
INSERT INTO `act_ven` VALUES ('1612132841640009731', '1612132841640009730', '1');
INSERT INTO `act_ven` VALUES ('1612148168469856259', '1612148168469856258', '1');
INSERT INTO `act_ven` VALUES ('1612184083456143363', '1612184083456143362', '1');
INSERT INTO `act_ven` VALUES ('1634159586119311363', '1634159586119311362', '1');
INSERT INTO `act_ven` VALUES ('1634162137791258627', '1634162137791258626', '1');
INSERT INTO `act_ven` VALUES ('1634162137791258628', '1634162137791258626', '2');
INSERT INTO `act_ven` VALUES ('1634163067337105411', '1634163067337105410', '1');
INSERT INTO `act_ven` VALUES ('1634187527876292609', '1634187527859515394', '1');

-- ----------------------------
-- Table structure for activity
-- ----------------------------
DROP TABLE IF EXISTS `activity`;
CREATE TABLE `activity`  (
  `id` varchar(19) CHARACTER SET utf8mb4 COLLATE utf8mb4_0900_ai_ci NOT NULL,
  `create_time` datetime(0) NOT NULL,
  `update_time` datetime(0) NOT NULL,
  `name` varchar(50) CHARACTER SET utf8mb4 COLLATE utf8mb4_0900_ai_ci NOT NULL,
  `begin_time` datetime(0) NOT NULL,
  `end_time` datetime(0) NOT NULL,
  `reson` varchar(255) CHARACTER SET utf8mb4 COLLATE utf8mb4_0900_ai_ci NOT NULL,
  `state` char(1) CHARACTER SET utf8mb4 COLLATE utf8mb4_0900_ai_ci NOT NULL,
  `user_id` varchar(19) CHARACTER SET utf8mb4 COLLATE utf8mb4_0900_ai_ci NOT NULL,
  `img` varchar(255) CHARACTER SET utf8mb4 COLLATE utf8mb4_0900_ai_ci NOT NULL,
  `external_links` varchar(255) CHARACTER SET utf8mb4 COLLATE utf8mb4_0900_ai_ci NOT NULL,
  PRIMARY KEY (`id`) USING BTREE
) ENGINE = InnoDB CHARACTER SET = utf8mb4 COLLATE = utf8mb4_0900_ai_ci ROW_FORMAT = Dynamic;

-- ----------------------------
-- Records of activity
-- ----------------------------
INSERT INTO `activity` VALUES ('1612095616252452865', '2023-01-08 22:35:21', '2023-01-08 22:35:21', '3v3篮球赛', '2023-01-08 20:55:00', '2023-01-08 20:56:00', '比赛将于一月二号在一号篮球场举行，欢迎所有篮球爱好者前来观赛和参赛。', '4', '2019131101', '/file/default/a.png', 'https://mp.weixin.qq.com/s/tfTnBrKo_F-eUfYV1FvTfQ');
INSERT INTO `activity` VALUES ('1612131249939316737', '2023-01-09 00:56:57', '2023-01-09 00:56:57', '电影欣赏活动', '2023-01-08 20:55:00', '2023-01-08 20:56:00', '每周播放不同类型的电影，让同学们在忙碌的学习和工作中放松身心。', '4', '2019131101', '/file/default/a.png', 'https://mp.weixin.qq.com/s/tfTnBrKo_F-eUfYV1FvTfQ');
INSERT INTO `activity` VALUES ('1612132841640009730', '2023-01-09 01:03:16', '2023-01-09 01:03:16', '社交舞大赛', '2023-01-08 20:55:00', '2023-01-08 20:56:00', '邀请各个高校社交舞团队参加，为同学们提供一个展示才艺和交流的平台。', '4', '2019131101', '/file/default/a.png', 'https://mp.weixin.qq.com/s/tfTnBrKo_F-eUfYV1FvTfQ');
INSERT INTO `activity` VALUES ('1634187527859515394', '2023-03-10 21:40:43', '2023-03-10 21:40:43', '美食制作和品尝活动', '2023-03-18 20:55:00', '2023-03-28 20:56:00', '引导同学们关注饮食健康，提高烹饪技能。', '4', '2019131101', '/file/default/a.png', 'https://mp.weixin.qq.com/s/tfTnBrKo_F-eUfYV1FvTfQ');

-- ----------------------------
-- Table structure for admin
-- ----------------------------
DROP TABLE IF EXISTS `admin`;
CREATE TABLE `admin`  (
  `id` varchar(255) CHARACTER SET utf8mb4 COLLATE utf8mb4_0900_ai_ci NOT NULL,
  `create_time` datetime(0) NOT NULL,
  `update_time` datetime(0) NOT NULL,
  `is_delete` tinyint(1) NOT NULL DEFAULT 0,
  `name` varchar(255) CHARACTER SET utf8mb4 COLLATE utf8mb4_0900_ai_ci NOT NULL,
  `grade` int(0) NOT NULL,
  `password` varchar(255) CHARACTER SET utf8mb4 COLLATE utf8mb4_0900_ai_ci NOT NULL,
  `avatar` varchar(255) CHARACTER SET utf8 COLLATE utf8_general_ci NOT NULL DEFAULT 'http://localhost:8001/file/default/img.png',
  `num` varchar(255) CHARACTER SET utf8mb4 COLLATE utf8mb4_0900_ai_ci NOT NULL,
  PRIMARY KEY (`id`) USING BTREE
) ENGINE = InnoDB CHARACTER SET = utf8mb4 COLLATE = utf8mb4_0900_ai_ci ROW_FORMAT = Dynamic;

-- ----------------------------
-- Records of admin
-- ----------------------------
INSERT INTO `admin` VALUES ('1001', '2022-12-29 15:36:36', '2022-12-29 15:36:38', 0, 'admin', 1, '96e79218965eb72c92a549dd5a330112', 'http://localhost:8001/file/default/img.png', 'admin');

-- ----------------------------
-- Table structure for audit
-- ----------------------------
DROP TABLE IF EXISTS `audit`;
CREATE TABLE `audit`  (
  `id` varchar(255) CHARACTER SET utf8mb4 COLLATE utf8mb4_0900_ai_ci NOT NULL,
  `create_time` datetime(0) NOT NULL,
  `update_time` datetime(0) NOT NULL,
  `is_delete` tinyint(1) NOT NULL DEFAULT 0,
  `name` varchar(255) CHARACTER SET utf8mb4 COLLATE utf8mb4_0900_ai_ci NOT NULL,
  `grade` int(0) NOT NULL,
  `password` varchar(255) CHARACTER SET utf8mb4 COLLATE utf8mb4_0900_ai_ci NOT NULL,
  `avatar` varchar(255) CHARACTER SET utf8 COLLATE utf8_general_ci NOT NULL DEFAULT 'http://localhost:8002/file/default/img.png',
  `num` varchar(255) CHARACTER SET utf8mb4 COLLATE utf8mb4_0900_ai_ci NOT NULL,
  PRIMARY KEY (`id`) USING BTREE
) ENGINE = InnoDB CHARACTER SET = utf8mb4 COLLATE = utf8mb4_0900_ai_ci ROW_FORMAT = Dynamic;

-- ----------------------------
-- Records of audit
-- ----------------------------
INSERT INTO `audit` VALUES ('1', '2022-12-30 22:07:25', '2022-12-30 22:07:28', 1, 's1', 1, 'e10adc3949ba59abbe56e057f20f883e', 'http://localhost:8001/file/default/img.png', 's1');
INSERT INTO `audit` VALUES ('1609478479436382210', '2023-01-01 17:15:47', '2023-01-01 17:17:00', 1, 't1', 1, 'af3a40d5689a191aab96628ec8f654e6', '', 't1');
INSERT INTO `audit` VALUES ('1609478892600492034', '2023-01-01 17:17:25', '2023-01-01 17:17:25', 1, 't2', 1, '96e79218965eb72c92a549dd5a330112', '', 't2');
INSERT INTO `audit` VALUES ('2', '2022-12-30 22:08:37', '2022-12-30 23:09:07', 1, 'd1', 2, 'e10adc3949ba59abbe56e057f20f883e', 'http://localhost:8001/file/default/img.png', 'd1');

-- ----------------------------
-- Table structure for flow
-- ----------------------------
DROP TABLE IF EXISTS `flow`;
CREATE TABLE `flow`  (
  `id` varchar(19) CHARACTER SET utf8mb4 COLLATE utf8mb4_0900_ai_ci NOT NULL,
  `create_time` datetime(0) NOT NULL,
  `update_time` datetime(0) NOT NULL,
  `is_delete` tinyint(1) NOT NULL DEFAULT 0,
  `name` varchar(50) CHARACTER SET utf8mb4 COLLATE utf8mb4_0900_ai_ci NOT NULL,
  `key` varchar(50) CHARACTER SET utf8mb4 COLLATE utf8mb4_0900_ai_ci NOT NULL,
  `path` varchar(255) CHARACTER SET utf8mb4 COLLATE utf8mb4_0900_ai_ci NOT NULL,
  `state` char(1) CHARACTER SET utf8mb4 COLLATE utf8mb4_0900_ai_ci NOT NULL,
  PRIMARY KEY (`id`) USING BTREE
) ENGINE = InnoDB CHARACTER SET = utf8mb4 COLLATE = utf8mb4_0900_ai_ci ROW_FORMAT = Dynamic;

-- ----------------------------
-- Records of flow
-- ----------------------------
INSERT INTO `flow` VALUES ('1', '2023-01-07 00:18:59', '2023-03-10 19:56:42', 0, '活动申请', 'activity', 'processes/activity.bpmn20.xml', '0');

-- ----------------------------
-- Table structure for organization
-- ----------------------------
DROP TABLE IF EXISTS `organization`;
CREATE TABLE `organization`  (
  `id` varchar(19) CHARACTER SET utf8mb4 COLLATE utf8mb4_0900_ai_ci NOT NULL,
  `create_time` datetime(0) NOT NULL,
  `update_time` datetime(0) NOT NULL,
  `is_delete` tinyint(1) NOT NULL DEFAULT 0,
  `name` varchar(50) CHARACTER SET utf8mb4 COLLATE utf8mb4_0900_ai_ci NOT NULL,
  `avatar` varchar(255) CHARACTER SET utf8 COLLATE utf8_general_ci NOT NULL DEFAULT 'http://localhost:8001/file/default/img.png',
  `leader_id` varchar(19) CHARACTER SET utf8mb4 COLLATE utf8mb4_0900_ai_ci NOT NULL,
  `leader_name` varchar(50) CHARACTER SET utf8mb4 COLLATE utf8mb4_0900_ai_ci NOT NULL,
  `introduction_id` varchar(19) CHARACTER SET utf8mb4 COLLATE utf8mb4_0900_ai_ci NOT NULL,
  PRIMARY KEY (`id`) USING BTREE
) ENGINE = InnoDB CHARACTER SET = utf8mb4 COLLATE = utf8mb4_0900_ai_ci ROW_FORMAT = Dynamic;

-- ----------------------------
-- Records of organization
-- ----------------------------
INSERT INTO `organization` VALUES ('10001', '2022-12-29 19:33:03', '2022-12-29 19:33:05', 0, '篮球社', 'http://localhost:8001/file/default/img.png', '2019131101', 'kyle', '1001');
INSERT INTO `organization` VALUES ('10002', '2022-12-29 19:36:29', '2022-12-29 19:36:32', 0, '足球社', 'http://localhost:8001/file/default/img.png', '2019131103', ' jack', '1002');
INSERT INTO `organization` VALUES ('1608787531370917890', '2022-12-30 19:30:12', '2022-12-30 20:22:22', 0, '000', '', '1608488995873943554', 'kk', '1608787531370917889');

-- ----------------------------
-- Table structure for organization_introduction
-- ----------------------------
DROP TABLE IF EXISTS `organization_introduction`;
CREATE TABLE `organization_introduction`  (
  `id` varchar(19) CHARACTER SET utf8mb4 COLLATE utf8mb4_0900_ai_ci NOT NULL,
  `introduction` text CHARACTER SET utf8mb4 COLLATE utf8mb4_0900_ai_ci NOT NULL,
  PRIMARY KEY (`id`) USING BTREE
) ENGINE = InnoDB CHARACTER SET = utf8mb4 COLLATE = utf8mb4_0900_ai_ci ROW_FORMAT = Dynamic;

-- ----------------------------
-- Records of organization_introduction
-- ----------------------------
INSERT INTO `organization_introduction` VALUES ('1001', '这里是篮球社');
INSERT INTO `organization_introduction` VALUES ('1002', '这里是足球社');
INSERT INTO `organization_introduction` VALUES ('1608787531370917889', '0002112312');

-- ----------------------------
-- Table structure for site_message
-- ----------------------------
DROP TABLE IF EXISTS `site_message`;
CREATE TABLE `site_message`  (
  `id` varchar(255) CHARACTER SET utf8mb4 COLLATE utf8mb4_0900_ai_ci NOT NULL,
  `create_time` datetime(0) NOT NULL,
  `update_time` datetime(0) NOT NULL,
  `is_delete` tinyint(1) NOT NULL DEFAULT 0,
  `user_id` varchar(255) CHARACTER SET utf8mb4 COLLATE utf8mb4_0900_ai_ci NOT NULL,
  `type` char(1) CHARACTER SET utf8mb4 COLLATE utf8mb4_0900_ai_ci NOT NULL,
  `content` varchar(255) CHARACTER SET utf8mb4 COLLATE utf8mb4_0900_ai_ci NOT NULL,
  `is_read` tinyint(1) NOT NULL,
  `task_id` varchar(255) CHARACTER SET utf8mb4 COLLATE utf8mb4_0900_ai_ci NOT NULL,
  PRIMARY KEY (`id`) USING BTREE
) ENGINE = InnoDB CHARACTER SET = utf8mb4 COLLATE = utf8mb4_0900_ai_ci ROW_FORMAT = Dynamic;

-- ----------------------------
-- Records of site_message
-- ----------------------------
INSERT INTO `site_message` VALUES ('1611418627963207682', '2023-01-07 01:45:14', '2023-01-07 01:45:14', 0, '1610753781743542273', '1', '有新的任务', 0, 'dff5d69d-8de9-11ed-bbac-f20af69b3e23');
INSERT INTO `site_message` VALUES ('1611426776216559618', '2023-01-07 02:17:37', '2023-01-07 02:17:37', 0, '1610753781743542273', '1', '有新的任务', 0, '65e65549-8dee-11ed-bbc4-f20af69b3e23');
INSERT INTO `site_message` VALUES ('1611427577135685634', '2023-01-07 02:20:48', '2023-01-07 02:20:48', 0, '1610754019262783490', '1', '有新的任务', 0, 'd7b74bd0-8dee-11ed-bbc4-f20af69b3e23');
INSERT INTO `site_message` VALUES ('1611744655898148865', '2023-01-07 23:20:45', '2023-01-07 23:20:45', 0, '1610753781743542273', '1', '有新的任务', 0, 'db5103ab-8e9e-11ed-86ad-f20af69b3e23');
INSERT INTO `site_message` VALUES ('1611745415163641858', '2023-01-07 23:23:46', '2023-01-07 23:23:46', 0, '1610754019262783490', '1', '有新的任务', 0, '47389c52-8e9f-11ed-86ad-f20af69b3e23');
INSERT INTO `site_message` VALUES ('1611749081857695746', '2023-01-07 23:38:21', '2023-01-07 23:38:21', 0, '1610753781743542273', '1', '有新的任务', 0, '504a2b04-8ea1-11ed-8742-f20af69b3e23');
INSERT INTO `site_message` VALUES ('1611749352692293633', '2023-01-07 23:39:25', '2023-01-07 23:39:25', 0, '1610754019262783490', '1', '有新的任务', 0, '76c7d61b-8ea1-11ed-8742-f20af69b3e23');
INSERT INTO `site_message` VALUES ('1611750127728369665', '2023-01-07 23:42:30', '2023-01-07 23:42:30', 0, '1610753781743542273', '1', '有新的任务', 0, 'e4eba33b-8ea1-11ed-8742-f20af69b3e23');
INSERT INTO `site_message` VALUES ('1611750991612387329', '2023-01-07 23:45:56', '2023-01-07 23:45:56', 0, '1610753781743542273', '1', '有新的任务', 0, '5fadb87d-8ea2-11ed-8742-f20af69b3e23');
INSERT INTO `site_message` VALUES ('1611771366236860417', '2023-01-08 01:06:54', '2023-01-08 01:06:54', 0, '1610753781743542273', '1', '有新的任务', 0, 'af15ef5a-8ead-11ed-994b-f20af69b3e23');
INSERT INTO `site_message` VALUES ('1611773368744341506', '2023-01-08 01:14:51', '2023-01-08 01:14:51', 0, '1610753781743542273', '1', '有新的任务', 0, 'cba846fd-8eae-11ed-bb7e-f20af69b3e23');
INSERT INTO `site_message` VALUES ('1611779311452352514', '2023-01-08 01:38:28', '2023-01-08 01:38:28', 0, '1610753781743542273', '1', '有新的任务', 0, '182c69ca-8eb2-11ed-baac-f20af69b3e23');
INSERT INTO `site_message` VALUES ('1611784533528633345', '2023-01-08 01:59:13', '2023-01-08 01:59:13', 0, '1610753781743542273', '1', '有新的任务', 0, 'fe4670b0-8eb4-11ed-8c2a-f20af69b3e23');
INSERT INTO `site_message` VALUES ('1611786210696597505', '2023-01-08 02:05:53', '2023-01-08 02:05:53', 0, '1610753781743542273', '1', '有新的任务', 0, 'ec9cb186-8eb5-11ed-82a9-f20af69b3e23');
INSERT INTO `site_message` VALUES ('1611787544913100801', '2023-01-08 02:11:11', '2023-01-08 02:11:11', 0, '1610753781743542273', '1', '有新的任务', 0, 'aa3734e4-8eb6-11ed-a3dc-f20af69b3e23');
INSERT INTO `site_message` VALUES ('1611789286870425602', '2023-01-08 02:18:06', '2023-01-08 02:18:06', 0, '1610753781743542273', '1', '有新的任务', 0, 'a1c3db6a-8eb7-11ed-9d6a-f20af69b3e23');
INSERT INTO `site_message` VALUES ('1611793952958107649', '2023-01-08 02:36:39', '2023-01-08 02:36:39', 0, '1610753781743542273', '1', '有新的任务', 0, '38da388d-8eba-11ed-a3b4-f20af69b3e23');
INSERT INTO `site_message` VALUES ('1611794679470280705', '2023-01-08 02:39:32', '2023-01-08 02:39:32', 0, '1610753781743542273', '1', '有新的任务', 0, 'a0186d82-8eba-11ed-a3b4-f20af69b3e23');
INSERT INTO `site_message` VALUES ('1611797447589302273', '2023-01-08 02:50:32', '2023-01-08 02:50:32', 0, '1610753781743542273', '1', '有新的任务', 0, '29785077-8ebc-11ed-9a1f-f20af69b3e23');
INSERT INTO `site_message` VALUES ('1611798004760645634', '2023-01-08 02:52:45', '2023-01-08 02:52:45', 0, '1610753781743542273', '1', '有新的任务', 0, '78a7288d-8ebc-11ed-9a1f-f20af69b3e23');
INSERT INTO `site_message` VALUES ('1611799284824477697', '2023-01-08 02:57:50', '2023-01-08 02:57:50', 0, '1610753781743542273', '1', '有新的任务', 0, '2e8fc337-8ebd-11ed-9a1f-f20af69b3e23');
INSERT INTO `site_message` VALUES ('1611992572294610946', '2023-01-08 15:45:53', '2023-01-08 15:45:53', 0, 'undefined', '1', '有新的任务', 0, '7a5b4911-8f28-11ed-870c-f20af69b3e23');
INSERT INTO `site_message` VALUES ('1612049244388106242', '2023-01-08 19:31:05', '2023-01-08 19:31:05', 0, '1610753781743542273', '1', '有新的任务', 0, 'eff27e5d-8f47-11ed-bb31-f20af69b3e23');
INSERT INTO `site_message` VALUES ('1612053957154234370', '2023-01-08 19:49:49', '2023-01-08 19:49:49', 0, '1610753781743542273', '1', '有新的任务', 0, '8dac149b-8f4a-11ed-92f2-f20af69b3e23');
INSERT INTO `site_message` VALUES ('1612055875620532225', '2023-01-08 19:57:26', '2023-01-08 19:57:26', 0, '1610753781743542273', '1', '有新的任务', 0, '9e4d523e-8f4b-11ed-bae4-f20af69b3e23');
INSERT INTO `site_message` VALUES ('1612056405772169217', '2023-01-08 19:59:32', '2023-01-08 19:59:32', 0, '1610753781743542273', '1', '有新的任务', 0, 'e9a4204b-8f4b-11ed-bae4-f20af69b3e23');
INSERT INTO `site_message` VALUES ('1612056859667165186', '2023-01-08 20:01:21', '2023-01-08 20:01:21', 0, '1610753781743542273', '1', '有新的任务', 0, '2a24bb08-8f4c-11ed-bae4-f20af69b3e23');
INSERT INTO `site_message` VALUES ('1612059717170982913', '2023-01-08 20:12:42', '2023-01-08 20:12:42', 0, '1610753781743542273', '1', '有新的任务', 0, 'c037f645-8f4d-11ed-bae4-f20af69b3e23');
INSERT INTO `site_message` VALUES ('1612061214625591298', '2023-01-08 20:18:39', '2023-01-08 20:18:39', 0, '1610753781743542273', '1', '有新的任务', 0, '9506b8f8-8f4e-11ed-bae4-f20af69b3e23');
INSERT INTO `site_message` VALUES ('1612063618431512577', '2023-01-08 20:28:12', '2023-01-08 20:28:12', 0, '1610753781743542273', '1', '有新的任务', 0, 'ea9fc16e-8f4f-11ed-94b8-f20af69b3e23');
INSERT INTO `site_message` VALUES ('1612066530431963137', '2023-01-08 20:39:46', '2023-01-08 20:39:46', 0, '1610753781743542273', '1', '有新的任务', 0, '88725373-8f51-11ed-b7e5-f20af69b3e23');
INSERT INTO `site_message` VALUES ('1612067215990951937', '2023-01-08 20:42:30', '2023-01-08 20:42:30', 0, '1610753781743542273', '1', '有新的任务', 0, 'e9ddbfc9-8f51-11ed-b7e5-f20af69b3e23');
INSERT INTO `site_message` VALUES ('1612067579062489090', '2023-01-08 20:43:56', '2023-01-08 20:43:56', 0, '1610753781743542273', '1', '有新的任务', 0, '1d7831f6-8f52-11ed-b7e5-f20af69b3e23');
INSERT INTO `site_message` VALUES ('1612074269807816705', '2023-01-08 21:10:31', '2023-01-08 21:10:31', 0, '1610753781743542273', '1', '有新的任务', 0, 'd44706f1-8f55-11ed-b578-f20af69b3e23');
INSERT INTO `site_message` VALUES ('1612076808682942466', '2023-01-08 21:20:37', '2023-01-08 21:20:37', 0, '1610753781743542273', '1', '有新的任务', 0, '3d124f1e-8f57-11ed-b578-f20af69b3e23');
INSERT INTO `site_message` VALUES ('1612077831975677953', '2023-01-08 21:24:41', '2023-01-08 21:24:41', 0, '1610753781743542273', '1', '有新的任务', 0, 'ce7d0633-8f57-11ed-8d34-f20af69b3e23');
INSERT INTO `site_message` VALUES ('1612078126910746626', '2023-01-08 21:25:51', '2023-01-08 21:25:51', 0, '1610753781743542273', '1', '有新的任务', 0, 'f72dbd10-8f57-11ed-8d34-f20af69b3e23');
INSERT INTO `site_message` VALUES ('1612078412203110401', '2023-01-08 21:26:59', '2023-01-08 21:26:59', 0, '1610753781743542273', '1', '有新的任务', 0, '20f3404c-8f58-11ed-8d34-f20af69b3e23');
INSERT INTO `site_message` VALUES ('1612080257894002690', '2023-01-08 21:34:19', '2023-01-08 21:34:19', 0, '1610753781743542273', '1', '有新的任务', 0, '273b43a7-8f59-11ed-8d34-f20af69b3e23');
INSERT INTO `site_message` VALUES ('1612082383814729729', '2023-01-08 21:42:46', '2023-01-08 21:42:46', 0, '1610753781743542273', '1', '有新的任务', 0, '55592f68-8f5a-11ed-94b9-f20af69b3e23');
INSERT INTO `site_message` VALUES ('1612083779335168001', '2023-01-08 21:48:19', '2023-01-08 21:48:19', 0, '1610753781743542273', '1', '有新的任务', 0, '1ba99d55-8f5b-11ed-94b9-f20af69b3e23');
INSERT INTO `site_message` VALUES ('1612084491100168194', '2023-01-08 21:51:08', '2023-01-08 21:51:08', 0, '1610753781743542273', '1', '有新的任务', 0, '80d015dc-8f5b-11ed-94b9-f20af69b3e23');
INSERT INTO `site_message` VALUES ('1612087153258471426', '2023-01-08 22:01:43', '2023-01-08 22:01:43', 0, '1610753781743542273', '1', '有新的任务', 0, 'fb1f2999-8f5c-11ed-94b9-f20af69b3e23');
INSERT INTO `site_message` VALUES ('1612095616445390850', '2023-01-08 22:35:21', '2023-01-08 22:35:21', 0, '1610753781743542273', '1', '有新的任务', 0, 'adcff506-8f61-11ed-94b9-f20af69b3e23');
INSERT INTO `site_message` VALUES ('1612131250857869314', '2023-01-09 00:56:57', '2023-01-09 00:56:57', 0, '1610753781743542273', '1', '有新的任务', 0, '75c47c36-8f75-11ed-93f9-f20af69b3e23');
INSERT INTO `site_message` VALUES ('1612132842030080002', '2023-01-09 01:03:16', '2023-01-09 01:03:16', 0, '1610753781743542273', '1', '有新的任务', 0, '57e45ccb-8f76-11ed-ab1d-f20af69b3e23');
INSERT INTO `site_message` VALUES ('1612148168797011969', '2023-01-09 02:04:10', '2023-01-09 02:04:10', 0, '1610753781743542273', '1', '有新的任务', 0, 'd9f3ad21-8f7e-11ed-b045-f20af69b3e23');
INSERT INTO `site_message` VALUES ('1612184083858796546', '2023-01-09 04:26:53', '2023-01-09 04:26:53', 0, '1610753781743542273', '1', '有新的任务', 0, 'c9c9b5a6-8f92-11ed-9232-f20af69b3e23');
INSERT INTO `site_message` VALUES ('1634159586966560770', '2023-03-10 19:49:41', '2023-03-10 19:49:41', 0, '1610753781743542273', '1', '有新的任务', 0, 'a49cbe36-bf39-11ed-ab8b-f20af69b3e23');
INSERT INTO `site_message` VALUES ('1634162137971613697', '2023-03-10 19:59:50', '2023-03-10 19:59:50', 0, '1610753781743542273', '1', '有新的任务', 0, '0f20b1e3-bf3b-11ed-ab8b-f20af69b3e23');
INSERT INTO `site_message` VALUES ('1634187528551575554', '2023-03-10 21:40:43', '2023-03-10 21:40:43', 0, '1610753781743542273', '1', '有新的任务', 0, '275876a3-bf49-11ed-b027-f20af69b3e23');

-- ----------------------------
-- Table structure for user
-- ----------------------------
DROP TABLE IF EXISTS `user`;
CREATE TABLE `user`  (
  `id` varchar(19) CHARACTER SET utf8mb4 COLLATE utf8mb4_0900_ai_ci NOT NULL,
  `create_time` datetime(0) NOT NULL,
  `update_time` datetime(0) NOT NULL,
  `is_delete` tinyint(1) NOT NULL DEFAULT 0,
  `name` varchar(50) CHARACTER SET utf8mb4 COLLATE utf8mb4_0900_ai_ci NOT NULL,
  `password` varchar(32) CHARACTER SET utf8mb4 COLLATE utf8mb4_0900_ai_ci NOT NULL,
  `avatar` varchar(255) CHARACTER SET utf8 COLLATE utf8_general_ci NOT NULL DEFAULT 'http://localhost:8001/file/default/img.png',
  `num` varchar(20) CHARACTER SET utf8mb4 COLLATE utf8mb4_0900_ai_ci NOT NULL,
  `organization_id` varchar(19) CHARACTER SET utf8mb4 COLLATE utf8mb4_0900_ai_ci NOT NULL,
  `organization_name` varchar(50) CHARACTER SET utf8mb4 COLLATE utf8mb4_0900_ai_ci NOT NULL,
  PRIMARY KEY (`id`) USING BTREE
) ENGINE = InnoDB CHARACTER SET = utf8mb4 COLLATE = utf8mb4_0900_ai_ci ROW_FORMAT = Dynamic;

-- ----------------------------
-- Records of user
-- ----------------------------
INSERT INTO `user` VALUES ('1608488995873943554', '2022-12-29 23:43:56', '2022-12-31 15:43:40', 0, 'kk', 'e10adc3949ba59abbe56e057f20f883e', '', '2019131104', '10002', '足球社');
INSERT INTO `user` VALUES ('1609841559014019073', '2023-01-02 17:18:32', '2023-01-02 17:18:32', 0, 't1', '96e79218965eb72c92a549dd5a330112', '/file/img/2023/01/02/68b5587f969044a1a604a64726ce3f29.png', 't1', '1608787531370917890', '000');
INSERT INTO `user` VALUES ('1634170580040278017', '2023-03-10 20:33:22', '2023-03-10 20:33:22', 0, '周是', 'e10adc3949ba59abbe56e057f20f883e', '/file/img/2023/03/10/02605c42c1cd478b935b41eff6642600.png', '2019131102', '10001', '篮球社');
INSERT INTO `user` VALUES ('1636260731457060865', '2023-03-16 14:58:53', '2023-03-16 14:58:53', 0, '3456345', 'f6c7140602d0dfc88e76804c4aae64b5', '/file/img/2023/03/16/9f0b3a979b0543b3906f8b9fc868b829.png', '65356', '10001', '篮球社');
INSERT INTO `user` VALUES ('2019131101', '2022-12-29 17:47:21', '2023-03-13 13:41:11', 0, 'kyle', '96e79218965eb72c92a549dd5a330112', '/file/default/a.png', '2019131101', '10001', '篮球社');
INSERT INTO `user` VALUES ('2019131102', '2022-12-29 19:34:24', '2022-12-29 19:34:26', 0, 'tom', 'e10adc3949ba59abbe56e057f20f883e', '/file/default/img.png', '2019131102', '10001', '篮球社');
INSERT INTO `user` VALUES ('2019131103', '2022-12-29 22:09:42', '2022-12-29 22:09:45', 0, 'jack', 'e10adc3949ba59abbe56e057f20f883e', '/file/default/img.png', '2019131103', '10002', '足球社');

-- ----------------------------
-- Table structure for user_act
-- ----------------------------
DROP TABLE IF EXISTS `user_act`;
CREATE TABLE `user_act`  (
  `user_id` varbinary(19) NOT NULL,
  `act_id` varchar(19) CHARACTER SET utf8 COLLATE utf8_general_ci NOT NULL,
  PRIMARY KEY (`user_id`, `act_id`) USING BTREE
) ENGINE = InnoDB CHARACTER SET = utf8 COLLATE = utf8_general_ci ROW_FORMAT = Dynamic;

-- ----------------------------
-- Table structure for user_ven_clock
-- ----------------------------
DROP TABLE IF EXISTS `user_ven_clock`;
CREATE TABLE `user_ven_clock`  (
  `user_id` varchar(19) CHARACTER SET utf8 COLLATE utf8_general_ci NOT NULL,
  `venue_id` varchar(19) CHARACTER SET utf8 COLLATE utf8_general_ci NOT NULL,
  `create_time` datetime(0) NOT NULL,
  `is_delete` tinyint(1) NOT NULL DEFAULT 0,
  `remark` text CHARACTER SET utf8 COLLATE utf8_general_ci NOT NULL,
  PRIMARY KEY (`user_id`, `venue_id`, `create_time`) USING BTREE
) ENGINE = InnoDB CHARACTER SET = utf8 COLLATE = utf8_general_ci ROW_FORMAT = Dynamic;

-- ----------------------------
-- Table structure for user_ven_coll
-- ----------------------------
DROP TABLE IF EXISTS `user_ven_coll`;
CREATE TABLE `user_ven_coll`  (
  `user_id` varchar(19) CHARACTER SET utf8 COLLATE utf8_general_ci NOT NULL,
  `venue_id` varchar(19) CHARACTER SET utf8 COLLATE utf8_general_ci NOT NULL,
  `create_time` datetime(0) NOT NULL,
  `is_delete` tinyint(1) NOT NULL DEFAULT 0,
  `remark` text CHARACTER SET utf8 COLLATE utf8_general_ci NOT NULL,
  PRIMARY KEY (`user_id`, `venue_id`, `create_time`) USING BTREE
) ENGINE = InnoDB CHARACTER SET = utf8 COLLATE = utf8_general_ci ROW_FORMAT = Dynamic;

-- ----------------------------
-- Table structure for venue
-- ----------------------------
DROP TABLE IF EXISTS `venue`;
CREATE TABLE `venue`  (
  `id` varchar(19) CHARACTER SET utf8mb4 COLLATE utf8mb4_0900_ai_ci NOT NULL,
  `create_time` datetime(0) NOT NULL,
  `update_time` datetime(0) NOT NULL,
  `is_delete` tinyint(1) NOT NULL DEFAULT 0,
  `num` varchar(20) CHARACTER SET utf8mb4 COLLATE utf8mb4_0900_ai_ci NOT NULL,
  `name` varchar(50) CHARACTER SET utf8mb4 COLLATE utf8mb4_0900_ai_ci NOT NULL,
  `state` tinyint(1) NOT NULL,
  `group_id` varchar(19) CHARACTER SET utf8mb4 COLLATE utf8mb4_0900_ai_ci NOT NULL,
  PRIMARY KEY (`id`) USING BTREE
) ENGINE = InnoDB CHARACTER SET = utf8mb4 COLLATE = utf8mb4_0900_ai_ci ROW_FORMAT = Dynamic;

-- ----------------------------
-- Records of venue
-- ----------------------------
INSERT INTO `venue` VALUES ('1', '2022-12-31 22:11:37', '2023-01-01 16:25:42', 0, '1', '1号场地', 1, '1');
INSERT INTO `venue` VALUES ('2', '2023-01-01 16:48:41', '2023-01-08 22:01:02', 0, '2', '2号场地', 1, '1');
INSERT INTO `venue` VALUES ('3', '2023-01-01 16:48:58', '2023-01-08 22:00:59', 0, '3', '3号场地', 1, '1');
INSERT INTO `venue` VALUES ('4', '2023-04-03 15:15:36', '2023-04-03 15:15:39', 0, '4', '篮球场1', 1, '2');
INSERT INTO `venue` VALUES ('5', '2023-04-03 17:15:27', '2023-04-03 17:15:29', 0, '5', '足球场1', 1, '2');

-- ----------------------------
-- Table structure for venue_clock
-- ----------------------------
DROP TABLE IF EXISTS `venue_clock`;
CREATE TABLE `venue_clock`  (
  `id` varchar(19) CHARACTER SET utf8 COLLATE utf8_general_ci NOT NULL,
  `user_id` varchar(19) CHARACTER SET utf8 COLLATE utf8_general_ci NOT NULL,
  `venue_id` varchar(19) CHARACTER SET utf8 COLLATE utf8_general_ci NOT NULL,
  `create_time` datetime(0) NOT NULL,
  `venue_name` varchar(50) CHARACTER SET utf8 COLLATE utf8_general_ci NOT NULL,
  PRIMARY KEY (`id`) USING BTREE
) ENGINE = InnoDB CHARACTER SET = utf8 COLLATE = utf8_general_ci ROW_FORMAT = Dynamic;

-- ----------------------------
-- Records of venue_clock
-- ----------------------------
INSERT INTO `venue_clock` VALUES ('1642769383256883202', '2019131101', '1', '2023-04-03 14:01:57', '');
INSERT INTO `venue_clock` VALUES ('1642770175888064514', '2019131101', '1', '2023-04-03 14:05:06', '');
INSERT INTO `venue_clock` VALUES ('1642788023914151938', '2019131101', '4', '2023-04-03 15:16:01', '篮球场1');
INSERT INTO `venue_clock` VALUES ('1642789721088933890', '2019131101', '4', '2023-04-03 15:22:46', '篮球场1');
INSERT INTO `venue_clock` VALUES ('1642790380865536002', '2019131101', '4', '2023-04-03 15:25:23', '篮球场1');
INSERT INTO `venue_clock` VALUES ('1642790395134558210', '2019131101', '4', '2023-04-03 15:25:26', '篮球场1');
INSERT INTO `venue_clock` VALUES ('1642791592063107073', '2019131101', '4', '2023-04-03 15:30:12', '篮球场1');
INSERT INTO `venue_clock` VALUES ('1642791598912405505', '2019131101', '4', '2023-04-03 15:30:13', '篮球场1');
INSERT INTO `venue_clock` VALUES ('1642791631720251394', '2019131101', '4', '2023-04-03 15:30:21', '篮球场1');
INSERT INTO `venue_clock` VALUES ('1642791633880317953', '2019131101', '4', '2023-04-03 15:30:22', '篮球场1');
INSERT INTO `venue_clock` VALUES ('1642791635901972481', '2019131101', '4', '2023-04-03 15:30:22', '篮球场1');
INSERT INTO `venue_clock` VALUES ('1642791637906849793', '2019131101', '4', '2023-04-03 15:30:23', '篮球场1');
INSERT INTO `venue_clock` VALUES ('1642791639886561282', '2019131101', '4', '2023-04-03 15:30:23', '篮球场1');
INSERT INTO `venue_clock` VALUES ('1642791640826085377', '2019131101', '4', '2023-04-03 15:30:23', '篮球场1');
INSERT INTO `venue_clock` VALUES ('1642791641589448706', '2019131101', '4', '2023-04-03 15:30:24', '篮球场1');
INSERT INTO `venue_clock` VALUES ('1642791642503806977', '2019131101', '4', '2023-04-03 15:30:24', '篮球场1');
INSERT INTO `venue_clock` VALUES ('1642818201117753345', '2019131101', '5', '2023-04-03 17:15:56', '足球场1');
INSERT INTO `venue_clock` VALUES ('1642818205551132673', '2019131101', '5', '2023-04-03 17:15:57', '足球场1');

-- ----------------------------
-- Table structure for venue_facility
-- ----------------------------
DROP TABLE IF EXISTS `venue_facility`;
CREATE TABLE `venue_facility`  (
  `id` varchar(19) CHARACTER SET utf8mb4 COLLATE utf8mb4_0900_ai_ci NOT NULL,
  `create_time` datetime(0) NOT NULL,
  `update_time` datetime(0) NOT NULL,
  `is_delete` tinyint(1) NOT NULL DEFAULT 0,
  `name` varchar(50) CHARACTER SET utf8mb4 COLLATE utf8mb4_0900_ai_ci NOT NULL,
  `state` tinyint(1) NOT NULL,
  `venue_id` varchar(19) CHARACTER SET utf8mb4 COLLATE utf8mb4_0900_ai_ci NOT NULL,
  PRIMARY KEY (`id`) USING BTREE
) ENGINE = InnoDB CHARACTER SET = utf8mb4 COLLATE = utf8mb4_0900_ai_ci ROW_FORMAT = Dynamic;

-- ----------------------------
-- Records of venue_facility
-- ----------------------------
INSERT INTO `venue_facility` VALUES ('1', '2022-12-31 22:12:46', '2022-12-31 22:12:49', 0, '设施1', 1, '1');

-- ----------------------------
-- Table structure for venue_group
-- ----------------------------
DROP TABLE IF EXISTS `venue_group`;
CREATE TABLE `venue_group`  (
  `id` varchar(19) CHARACTER SET utf8mb4 COLLATE utf8mb4_0900_ai_ci NOT NULL,
  `name` varchar(50) CHARACTER SET utf8mb4 COLLATE utf8mb4_0900_ai_ci NOT NULL,
  PRIMARY KEY (`id`) USING BTREE
) ENGINE = InnoDB CHARACTER SET = utf8mb4 COLLATE = utf8mb4_0900_ai_ci ROW_FORMAT = Dynamic;

-- ----------------------------
-- Records of venue_group
-- ----------------------------
INSERT INTO `venue_group` VALUES ('1', '第一组场地');
INSERT INTO `venue_group` VALUES ('2', '第二组场地');

SET FOREIGN_KEY_CHECKS = 1;
